5.132708325982093811e-02,1.771978437900543213e-01,6.654608994722366333e-02,-6.359767168760299683e-02,1.382979564368724823e-02,1.051417812705039978e-01,1.082471758127212524e-01,1.625969423912465572e-03,2.135118469595909119e-02,6.648360192775726318e-02,1.161598190665245056e-01,2.313307113945484161e-02,1.919564232230186462e-02,-9.764409810304641724e-02,5.214777961373329163e-02,-1.528207659721374512e-01,-7.543416321277618408e-02,3.162170201539993286e-02,-6.498850136995315552e-02,6.989924609661102295e-02,4.522689059376716614e-02,1.945197116583585739e-03,-3.829881548881530762e-02,1.016834601759910583e-01,-8.586621843278408051e-03,-1.475924625992774963e-02,-1.977285929024219513e-02,-7.698458433151245117e-02,1.792667210102081299e-01,4.898832738399505615e-02,-6.452455651015043259e-03,-7.811500132083892822e-02,-4.280614852905273438e-02,3.559604659676551819e-02,6.109444424510002136e-02,-3.298490867018699646e-02,6.889745593070983887e-03,1.934378594160079956e-01,3.698136284947395325e-02,1.226144144311547279e-03,4.691998474299907684e-03,-5.375969782471656799e-02,-1.886325031518936157e-01,5.600905045866966248e-02,-1.415378004312515259e-01,1.354490127414464951e-02,3.130461648106575012e-02,1.155019155703485012e-03,-1.486880183219909668e-01,6.031065247952938080e-03,-7.019555568695068359e-02,2.022427618503570557e-01,-1.178942844271659851e-01,4.324281122535467148e-03,2.055813558399677277e-02,6.521421018987894058e-03,-8.230344206094741821e-02,1.095816567540168762e-01,-1.996239274740219116e-01,-4.970274493098258972e-02,-8.484958112239837646e-02,-1.245456486940383911e-01,2.369681894779205322e-01,-9.206062555313110352e-02,5.088492482900619507e-02,-5.840349569916725159e-02,1.025801897048950195e-01,-1.156038371846079826e-03,-8.990598469972610474e-02,9.937061369419097900e-02,5.092274770140647888e-02,5.341162905097007751e-02,-5.678747966885566711e-02,7.999157160520553589e-02,4.363983869552612305e-02,-8.625014126300811768e-02,-5.261903256177902222e-02,7.542355358600616455e-02,9.364882856607437134e-02,5.132310092449188232e-02,-1.332999169826507568e-01,7.358928024768829346e-02,7.053164765238761902e-03,-1.085817907005548477e-02,8.014486730098724365e-02,-1.290954649448394775e-01,5.963940173387527466e-02,3.403247892856597900e-02,1.019844040274620056e-01,4.122818261384963989e-02,1.083963513374328613e-01,-1.383568495512008667e-01,3.500724956393241882e-02,4.150164127349853516e-02,-2.809265069663524628e-02,-2.616865932941436768e-01,2.415055036544799805e-02,-6.986375153064727783e-02,7.828578352928161621e-02,-4.429294541478157043e-02,-3.579505532979965210e-02,5.451113358139991760e-02,-9.778227657079696655e-02,5.509740486741065979e-02,-9.984233975410461426e-02,1.112467646598815918e-01,6.704539805650711060e-02,4.951388761401176453e-02,1.582996249198913574e-01,-6.351564824581146240e-02,9.327486157417297363e-02,1.170286536216735840e-01,-1.215353310108184814e-01,7.592129707336425781e-02,9.633205831050872803e-02,2.325592190027236938e-02,-9.210292249917984009e-02,-1.317295730113983154e-01,5.515265464782714844e-02,8.520981669425964355e-02,1.151395961642265320e-03,3.588714636862277985e-03,-6.923637539148330688e-02,1.264259815216064453e-01,7.926786690950393677e-02,4.198369756340980530e-02,9.538029879331588745e-02,-3.979935497045516968e-02
1.671754755079746246e-02,1.551352441310882568e-01,2.423754930496215820e-01,-1.932843960821628571e-02,7.037664204835891724e-02,1.612328588962554932e-01,6.322561949491500854e-02,1.388014554977416992e-01,-1.385599970817565918e-01,1.374367326498031616e-01,1.898569241166114807e-02,-1.157206203788518906e-02,-1.590497232973575592e-02,-1.926398873329162598e-01,1.937940567731857300e-01,-4.243614524602890015e-02,-9.657689183950424194e-02,1.079837828874588013e-01,-2.552018128335475922e-02,5.421278532594442368e-03,1.141478270292282104e-01,2.913001552224159241e-02,4.515690729022026062e-02,1.671866513788700104e-02,8.037687838077545166e-02,-1.186700463294982910e-01,-1.433916091918945312e-01,-6.966572999954223633e-02,1.299237608909606934e-01,-2.725046686828136444e-02,2.415387518703937531e-02,-1.206119135022163391e-01,-7.201156020164489746e-02,5.363677069544792175e-02,1.274018138647079468e-01,-8.519823104143142700e-02,-1.236617937684059143e-02,-5.131192971020936966e-03,6.241866573691368103e-02,-2.924568578600883484e-02,2.301808260381221771e-02,-3.771081939339637756e-02,-1.369079761207103729e-02,-6.457523442804813385e-03,-1.604015380144119263e-01,-8.310534060001373291e-02,7.188360393047332764e-02,-4.629088565707206726e-02,-1.495970934629440308e-01,7.694976776838302612e-02,1.018098816275596619e-01,5.397608876228332520e-02,-1.803510338068008423e-01,9.951255284249782562e-03,-1.132248993963003159e-02,-1.628480106592178345e-02,1.441369950771331787e-02,-4.192831367254257202e-02,-1.167815327644348145e-01,-5.182091891765594482e-02,-2.373610436916351318e-02,-7.428275048732757568e-02,4.933391464874148369e-04,-1.052167117595672607e-01,1.249340772628784180e-01,-4.786198586225509644e-02,-4.514525178819894791e-03,-6.924312561750411987e-02,-1.375735402107238770e-01,1.111324802041053772e-01,5.527757480740547180e-02,2.077382802963256836e-01,-1.937579177320003510e-02,2.356806956231594086e-02,-4.538191109895706177e-02,-4.799577593803405762e-02,-4.771242290735244751e-02,5.450119450688362122e-02,1.510417461395263672e-01,7.053846120834350586e-02,-7.050313055515289307e-02,-3.031823318451642990e-03,1.013465374708175659e-01,1.227318644523620605e-01,9.646562486886978149e-02,-9.519268572330474854e-02,4.169633612036705017e-02,1.033936813473701477e-01,1.227401569485664368e-01,6.779933720827102661e-02,1.848851516842842102e-02,-2.317989803850650787e-02,-6.917224079370498657e-02,6.238930299878120422e-02,-1.083587035536766052e-01,-1.834848821163177490e-01,-6.916146259754896164e-03,8.266822993755340576e-02,-1.169509142637252808e-01,1.845305040478706360e-02,-2.225835993885993958e-02,5.383876711130142212e-02,-5.780312791466712952e-02,-3.023174777626991272e-02,2.669740281999111176e-02,8.242230862379074097e-02,1.018913909792900085e-01,3.572205081582069397e-02,1.845759451389312744e-01,-6.592629477381706238e-03,-3.438802063465118408e-02,5.230164900422096252e-02,-6.127787381410598755e-02,4.096070677042007446e-02,1.123118996620178223e-01,-2.263575047254562378e-02,2.615711884573101997e-03,3.706299001350998878e-03,-4.487750306725502014e-02,9.440808743238449097e-02,1.270475704222917557e-02,1.479260739870369434e-03,-2.594448067247867584e-02,3.620116785168647766e-02,1.204590648412704468e-01,1.790269836783409119e-02,1.874205917119979858e-01,1.310925371944904327e-02
-1.369201391935348511e-02,1.182202398777008057e-01,1.610725820064544678e-01,-3.932432085275650024e-02,-2.805135399103164673e-02,7.512436807155609131e-02,-1.559010520577430725e-02,9.194731712341308594e-02,-2.315983176231384277e-02,6.008595973253250122e-02,5.983444675803184509e-02,7.079238537698984146e-03,-8.465441316366195679e-02,-6.230692192912101746e-02,1.239253655076026917e-01,-1.802086830139160156e-01,-8.542212098836898804e-02,1.784359849989414215e-02,1.055744960904121399e-01,-2.292667515575885773e-02,2.437172271311283112e-02,2.238749526441097260e-02,1.595617458224296570e-02,-9.130365215241909027e-03,1.031581982970237732e-01,-2.606425806879997253e-02,9.719382226467132568e-02,2.954137045890092850e-03,5.300489440560340881e-02,-2.442527748644351959e-02,3.524835407733917236e-02,-2.458192855119705200e-01,6.149745732545852661e-02,1.515191327780485153e-02,7.094950973987579346e-02,-3.779005492106080055e-03,-2.404767274856567383e-02,4.413789138197898865e-02,9.374364279210567474e-03,-8.227184414863586426e-03,-6.326838396489620209e-03,-4.642809927463531494e-02,-8.981791138648986816e-02,7.706309109926223755e-02,-1.352999061346054077e-01,-2.170060947537422180e-02,6.276640109717845917e-03,-8.401399850845336914e-02,-9.837630391120910645e-02,2.738682180643081665e-02,1.070023421198129654e-02,2.096786946058273315e-01,-9.435417503118515015e-02,9.507437236607074738e-03,4.052364081144332886e-02,3.533733636140823364e-02,-4.332213476300239563e-02,-1.590694114565849304e-02,-1.468136161565780640e-01,-5.315418913960456848e-02,-4.937526956200599670e-02,-1.559528261423110962e-01,9.214517474174499512e-02,-3.065084107220172882e-02,9.031542390584945679e-02,-6.412562727928161621e-02,2.936437353491783142e-02,-1.713105849921703339e-02,-5.906814336776733398e-02,2.167832404375076294e-01,6.908380985260009766e-02,7.916121929883956909e-02,-6.100432574748992920e-02,-1.428399235010147095e-02,1.354026515036821365e-02,-4.542563855648040771e-02,-5.704338476061820984e-02,5.939561873674392700e-02,8.065899461507797241e-02,6.176668405532836914e-02,-2.127089500427246094e-01,9.628395549952983856e-03,1.146656274795532227e-01,7.834322005510330200e-02,7.475776970386505127e-02,-1.828259825706481934e-01,4.788368195295333862e-02,8.378767967224121094e-02,1.430143862962722778e-01,6.774470955133438110e-02,6.509686820209026337e-03,-7.155292481184005737e-02,1.260566338896751404e-02,5.690629407763481140e-02,-2.697320096194744110e-02,-2.239905893802642822e-01,2.066582255065441132e-02,-1.538779214024543762e-02,8.649296127259731293e-03,-6.422769278287887573e-02,-6.997674703598022461e-02,1.240651011466979980e-01,-5.366509035229682922e-02,-8.739570528268814087e-02,-1.846645586192607880e-02,8.543780446052551270e-02,9.035762399435043335e-02,-4.281019046902656555e-02,1.354085057973861694e-01,-8.286459743976593018e-02,4.602603614330291748e-02,1.032600831240415573e-02,-8.412647992372512817e-02,5.928530171513557434e-02,1.270207762718200684e-01,-3.260815888643264771e-02,6.070695817470550537e-02,-1.403116136789321899e-01,9.938366711139678955e-02,9.953931719064712524e-02,7.724602520465850830e-02,-1.300275418907403946e-02,-8.593793958425521851e-02,2.905382774770259857e-02,1.588084548711776733e-01,7.261814083904027939e-03,3.046600222587585449e-01,8.523467183113098145e-02
3.725933656096458435e-02,1.034513339400291443e-01,9.292922914028167725e-02,-5.189248826354742050e-03,-3.431921359151601791e-03,1.269635409116744995e-01,1.192645821720361710e-02,8.123274892568588257e-02,2.040942013263702393e-02,3.419403359293937683e-02,1.313106715679168701e-01,2.605874836444854736e-02,-5.691156536340713501e-02,-1.854261457920074463e-01,2.725258097052574158e-02,-1.335938274860382080e-01,-9.450700134038925171e-02,3.587895259261131287e-02,-3.150709718465805054e-02,1.866717450320720673e-02,7.238531112670898438e-02,5.681155994534492493e-02,-6.973063200712203979e-02,4.747871682047843933e-02,4.258753359317779541e-02,4.021858796477317810e-03,1.040991488844156265e-02,-8.811659365892410278e-02,5.883396416902542114e-02,-3.623517230153083801e-02,4.918669909238815308e-02,-1.766982525587081909e-01,-8.288121968507766724e-02,2.910687029361724854e-02,6.198291480541229248e-02,2.058745175600051880e-02,-4.970417171716690063e-02,1.777419075369834900e-02,1.055944524705410004e-02,5.722726508975028992e-02,3.286796435713768005e-02,-1.166598219424486160e-02,-1.812174022197723389e-01,1.520601212978363037e-01,-9.256157279014587402e-02,-5.239254236221313477e-02,3.931835666298866272e-02,-4.232629016041755676e-02,-7.098211348056793213e-02,2.994021959602832794e-02,2.340710721909999847e-02,1.932338923215866089e-01,-2.029404342174530029e-01,-5.324149038642644882e-03,1.488403603434562683e-02,-2.069800719618797302e-02,-8.918783813714981079e-02,1.419748086482286453e-02,-1.055852025747299194e-01,-5.635185167193412781e-02,-2.776078879833221436e-02,-1.731127053499221802e-01,1.490346044301986694e-01,-1.768203452229499817e-02,4.080056771636009216e-02,-2.299406826496124268e-01,1.295699775218963623e-01,-5.685794632881879807e-03,6.185315921902656555e-02,1.948094367980957031e-01,1.006876677274703979e-01,1.352256983518600464e-01,2.588512375950813293e-02,3.291273489594459534e-02,-5.172085762023925781e-02,-1.119078174233436584e-01,-1.244503110647201538e-01,1.941607594490051270e-01,1.515922229737043381e-02,9.145360440015792847e-02,-1.160007193684577942e-01,9.576103836297988892e-02,8.889587968587875366e-02,2.457508258521556854e-02,4.079070314764976501e-02,-9.594414383172988892e-02,1.273412257432937622e-01,6.161365658044815063e-02,7.863234728574752808e-02,-2.769850008189678192e-02,2.688024938106536865e-02,-7.000838220119476318e-02,-4.082734510302543640e-02,1.487894169986248016e-02,-5.350491777062416077e-02,-2.260733991861343384e-01,4.672344774007797241e-02,-1.253997683525085449e-01,-3.972662985324859619e-02,-3.866668790578842163e-02,-9.443836659193038940e-02,1.113640516996383667e-01,-5.654235184192657471e-02,-3.279586508870124817e-02,-1.805053278803825378e-02,5.010519176721572876e-02,5.724059417843818665e-02,2.293808758258819580e-02,8.434270322322845459e-02,3.027983242645859718e-03,5.393981188535690308e-02,5.253810063004493713e-02,-1.308762431144714355e-01,6.088394671678543091e-02,1.080186516046524048e-01,-1.803987659513950348e-02,-3.692816942930221558e-02,-1.790720373392105103e-01,2.653391472995281219e-02,7.144057191908359528e-03,1.476499065756797791e-02,7.551253587007522583e-02,-2.347850613296031952e-02,1.036211401224136353e-01,1.312593817710876465e-01,-3.647260740399360657e-02,1.776847392320632935e-01,5.368624627590179443e-02
5.056976806372404099e-03,7.721788249909877777e-03,1.169293969869613647e-01,-9.082985669374465942e-02,-3.292774409055709839e-02,2.318955957889556885e-01,-2.700054645538330078e-02,1.237040832638740540e-01,-2.560567259788513184e-01,1.177227124571800232e-01,-1.457090862095355988e-02,8.065097965300083160e-03,1.272692382335662842e-01,-1.034898608922958374e-01,1.184900030493736267e-01,-4.843885824084281921e-02,-7.820273935794830322e-02,3.412206470966339111e-02,6.490758806467056274e-02,-1.360356248915195465e-02,1.227123290300369263e-01,-3.668695315718650818e-02,1.655486039817333221e-02,6.868364661931991577e-02,3.509197011590003967e-02,6.155126914381980896e-02,-6.607321649789810181e-02,-1.856104880571365356e-01,1.673356443643569946e-02,-1.755524240434169769e-02,2.395919524133205414e-02,-1.096594706177711487e-01,-1.054526120424270630e-01,3.281680867075920105e-02,4.196425899863243103e-02,-3.744589909911155701e-02,-1.159679442644119263e-01,2.550168894231319427e-02,9.194298088550567627e-02,1.146517135202884674e-02,-1.350061409175395966e-02,-1.091928035020828247e-01,-5.788649246096611023e-02,4.766832664608955383e-02,-7.276938110589981079e-02,-1.315053552389144897e-01,9.463866800069808960e-02,-4.716087877750396729e-02,-2.026878595352172852e-01,-3.974748030304908752e-02,1.425271183252334595e-01,-7.795836031436920166e-02,-8.570969104766845703e-03,4.427921492606401443e-03,-2.110936306416988373e-02,3.996384516358375549e-02,2.659270539879798889e-02,9.813205897808074951e-02,1.025563571602106094e-02,-1.500509381294250488e-01,2.231515245512127876e-03,1.855144463479518890e-02,5.108440667390823364e-02,-7.177426666021347046e-02,1.080627590417861938e-01,2.951845061033964157e-03,2.340517379343509674e-02,3.233053535223007202e-02,-7.464876770973205566e-02,-3.043776378035545349e-02,-1.095169223845005035e-02,1.064954996109008789e-01,-7.511959969997406006e-02,-1.109294816851615906e-01,6.107719615101814270e-03,4.466901998966932297e-03,-1.073685511946678162e-01,-4.348663985729217529e-02,1.622716188430786133e-01,2.337830662727355957e-01,-9.700256586074829102e-02,-1.118517145514488220e-01,1.296835988759994507e-01,3.395346552133560181e-02,-7.538087666034698486e-02,-9.515706449747085571e-02,1.519983559846878052e-01,2.949236147105693817e-02,9.242229163646697998e-02,-3.486651927232742310e-02,-8.110496401786804199e-02,-1.596282981336116791e-02,3.950196877121925354e-02,1.285883039236068726e-01,-1.974106431007385254e-01,-6.215219572186470032e-02,5.187375470995903015e-02,9.435685724020004272e-02,-1.028136014938354492e-01,4.697288852185010910e-03,3.515215218067169189e-02,1.099649220705032349e-01,-1.044856607913970947e-01,4.621168971061706543e-02,-1.078809890896081924e-02,3.919294103980064392e-02,-2.969248592853546143e-02,2.993035130202770233e-02,-1.092496234923601151e-02,-1.019402742385864258e-01,-5.722857895307242870e-04,4.617650061845779419e-02,-7.131869345903396606e-02,-7.378862798213958740e-02,7.679595053195953369e-02,9.054787456989288330e-02,-1.637434661388397217e-01,-1.197053188661811873e-05,-8.037825673818588257e-02,7.169209420680999756e-02,-4.600791726261377335e-03,-1.817357540130615234e-01,-3.756454214453697205e-02,-1.054417788982391357e-01,6.723950058221817017e-02,1.130039021372795105e-01,1.868857257068157196e-02,3.919800743460655212e-02
1.242538839578628540e-01,-1.147127598524093628e-01,-5.325920134782791138e-02,5.125364661216735840e-02,5.873629823327064514e-02,1.069865524768829346e-01,1.269864588975906372e-01,-2.770283073186874390e-02,-1.020924821496009827e-01,2.404835447669029236e-02,-2.191168814897537231e-02,1.317130774259567261e-01,1.295257657766342163e-01,-4.778816550970077515e-02,-2.859677560627460480e-02,-1.291378587484359741e-01,3.077336400747299194e-02,1.032484769821166992e-01,1.499482523649930954e-02,5.463555455207824707e-02,1.095144674181938171e-01,-6.633182987570762634e-03,-6.032142043113708496e-02,1.033234000205993652e-01,-1.840578205883502960e-02,-1.809348352253437042e-02,-1.017836183309555054e-01,-1.754980683326721191e-01,-1.016684100031852722e-01,2.124566733837127686e-01,-9.246487915515899658e-02,2.260409481823444366e-02,-7.470557093620300293e-02,1.831213012337684631e-02,9.808950126171112061e-02,-8.543201535940170288e-02,-5.718666687607765198e-02,-2.092424780130386353e-02,-2.141205035150051117e-02,-1.490710526704788208e-01,-2.967260032892227173e-02,-1.647609844803810120e-02,-2.950051426887512207e-02,1.242393925786018372e-01,-1.314848363399505615e-01,-4.270600527524948120e-02,1.720714010298252106e-02,2.001572772860527039e-02,1.593034341931343079e-02,3.207205561921000481e-03,1.977376490831375122e-01,-7.669378817081451416e-02,5.806623771786689758e-02,-4.142387304455041885e-03,1.163708940148353577e-01,-1.919671706855297089e-02,-5.089003220200538635e-02,4.501368105411529541e-02,3.039547987282276154e-02,-6.703479588031768799e-02,8.490461111068725586e-02,-4.912937432527542114e-02,2.109397016465663910e-02,-1.939812488853931427e-02,5.191448330879211426e-02,-2.059909403324127197e-01,1.638550683856010437e-02,6.911762058734893799e-03,-6.272517144680023193e-02,-7.763081789016723633e-02,3.641453757882118225e-02,2.352235093712806702e-02,-7.922099903225898743e-03,-1.837758421897888184e-01,-2.019383907318115234e-01,1.010150462388992310e-01,-3.154594078660011292e-02,-4.436809569597244263e-02,1.005712449550628662e-01,2.053559273481369019e-01,-6.322344765067100525e-03,-5.844873934984207153e-02,3.206165507435798645e-02,7.505219429731369019e-03,3.487955033779144287e-02,-1.480784863233566284e-01,1.157773062586784363e-01,-2.410337887704372406e-02,3.410613536834716797e-02,1.370514743030071259e-02,-9.804637730121612549e-02,-3.524958714842796326e-02,-2.886425936594605446e-03,4.704411327838897705e-02,-2.438901513814926147e-01,-8.334375172853469849e-02,5.823463946580886841e-02,-4.917959123849868774e-02,1.019013393670320511e-02,-2.745422348380088806e-02,1.806837171316146851e-01,2.148414254188537598e-01,2.202365919947624207e-02,1.688686944544315338e-02,-6.068594753742218018e-02,-1.028517782688140869e-01,-5.121051520109176636e-02,3.609026595950126648e-02,-7.353375107049942017e-02,1.112981960177421570e-01,6.580488383769989014e-02,-6.476111710071563721e-02,-1.336740702390670776e-01,-7.185932993888854980e-02,-4.161393269896507263e-02,1.230620443820953369e-01,-7.032661885023117065e-02,-2.194985374808311462e-02,-1.657084822654724121e-01,5.130830034613609314e-02,-7.757993787527084351e-02,-7.270304858684539795e-02,-5.025316774845123291e-02,-5.708402767777442932e-02,7.835897058248519897e-02,4.350550472736358643e-02,5.708089563995599747e-03,-2.265829220414161682e-02
-6.217384710907936096e-03,7.309230417013168335e-02,3.079725429415702820e-02,-7.607116550207138062e-02,-3.670729324221611023e-02,5.969048291444778442e-02,-7.440841943025588989e-02,4.066116362810134888e-02,-2.737469375133514404e-01,1.489535421133041382e-01,-3.640738129615783691e-02,-7.131619751453399658e-02,1.084848418831825256e-01,2.315210364758968353e-02,8.492903411388397217e-02,1.672718557529151440e-03,4.362681135535240173e-02,-3.085321560502052307e-02,1.785907745361328125e-01,6.963184475898742676e-02,5.736259743571281433e-02,-6.854887306690216064e-02,8.800289779901504517e-02,6.163218524307012558e-03,1.060028746724128723e-02,1.294858306646347046e-01,-6.841031461954116821e-02,-1.530366092920303345e-01,9.461145102977752686e-02,-4.335495643317699432e-03,-7.119551301002502441e-02,-6.529267877340316772e-02,-4.070201888680458069e-02,-6.106401234865188599e-02,2.317236736416816711e-02,-2.643456868827342987e-02,-3.829847648739814758e-02,1.961636543273925781e-01,1.070834323763847351e-01,8.461707271635532379e-03,-1.383876353502273560e-01,-3.469930263236165047e-03,-1.114353761076927185e-01,-6.696724146604537964e-02,-4.882371053099632263e-02,1.028509885072708130e-01,1.232988759875297546e-01,-4.886034131050109863e-02,-1.515736430883407593e-01,-7.272468507289886475e-02,8.948247879743576050e-02,9.262017905712127686e-02,2.810456603765487671e-02,2.877868153154850006e-02,-1.412755809724330902e-02,-3.962253034114837646e-02,2.031690478324890137e-01,9.222353808581829071e-03,6.574157625436782837e-02,-1.323463171720504761e-01,8.412252366542816162e-02,1.980913616716861725e-02,1.299446169286966324e-02,-3.646444156765937805e-02,7.069774717092514038e-02,-2.602994255721569061e-02,4.398684203624725342e-02,1.132304146885871887e-01,7.074818760156631470e-02,-5.292193591594696045e-02,-1.538387499749660492e-03,9.159934520721435547e-02,-6.033134460449218750e-02,-4.622129350900650024e-02,6.348228454589843750e-02,6.404293235391378403e-03,-1.105477362871170044e-01,5.417596176266670227e-02,1.749249547719955444e-01,1.593913882970809937e-01,-9.941595792770385742e-02,-2.083024755120277405e-02,4.906968027353286743e-02,2.318026870489120483e-02,3.013136610388755798e-02,-9.805588424205780029e-02,3.812686726450920105e-02,6.081480160355567932e-02,9.541367739439010620e-02,-1.177757382392883301e-01,-9.201664477586746216e-02,8.821935951709747314e-02,1.251080483198165894e-01,1.076405644416809082e-01,-1.242113336920738220e-01,-1.727217435836791992e-01,1.347579658031463623e-01,1.442157477140426636e-01,-2.304237522184848785e-02,-9.197792410850524902e-02,3.542122989892959595e-02,1.161174029111862183e-01,-5.740551650524139404e-02,8.765671402215957642e-02,-7.453422248363494873e-02,7.451170124113559723e-03,1.834704913198947906e-02,2.772019430994987488e-02,1.136049106717109680e-01,-5.088007822632789612e-02,2.549009211361408234e-02,4.904465004801750183e-02,-3.845492750406265259e-02,-5.612993985414505005e-02,2.104684896767139435e-02,9.103648364543914795e-02,-2.159820348024368286e-01,-1.019019782543182373e-01,-1.507721543312072754e-01,-2.437540516257286072e-02,-1.077685877680778503e-01,-4.875345155596733093e-02,-2.796824090182781219e-02,-8.895663917064666748e-02,-1.459661405533552170e-02,1.144615486264228821e-01,-3.760527819395065308e-02,2.410336583852767944e-02
1.846505329012870789e-02,1.697784988209605217e-03,1.379982382059097290e-01,-7.130698859691619873e-02,-3.809616714715957642e-02,2.549350559711456299e-01,1.414151582866907120e-02,1.650727838277816772e-01,-2.063860744237899780e-01,7.743057608604431152e-02,-2.281111478805541992e-02,1.485799252986907959e-02,1.304121911525726318e-01,-1.604044139385223389e-01,1.008762046694755554e-01,-7.129615545272827148e-02,-1.039852350950241089e-01,4.221877828240394592e-02,-1.269574370235204697e-02,-7.481202483177185059e-03,1.325486153364181519e-01,-2.364380285143852234e-02,6.065055727958679199e-03,8.044028282165527344e-02,3.385954070836305618e-03,-9.509452618658542633e-03,-9.997776150703430176e-02,-1.825760900974273682e-01,-1.193867251276969910e-02,-2.539510279893875122e-02,3.642985597252845764e-02,-1.290765106678009033e-01,-1.120528429746627808e-01,6.336716562509536743e-02,4.186239093542098999e-02,-6.067444011569023132e-02,-9.278438240289688110e-02,6.862907204777002335e-03,3.426552936434745789e-02,1.244099251925945282e-02,1.883489079773426056e-02,-1.133451759815216064e-01,-4.694165289402008057e-02,6.333277374505996704e-02,-8.804390579462051392e-02,-1.879598647356033325e-01,7.034100592136383057e-02,-4.443836212158203125e-02,-1.641740798950195312e-01,3.260384872555732727e-02,1.481770426034927368e-01,-1.214564666152000427e-01,-3.716951236128807068e-02,3.371907770633697510e-02,-1.025462150573730469e-02,3.354598581790924072e-02,1.689449069090187550e-03,6.726142764091491699e-02,1.013527996838092804e-02,-1.641313880681991577e-01,-1.151993218809366226e-02,1.725273951888084412e-02,2.733720466494560242e-02,-9.303279221057891846e-02,9.310179203748703003e-02,-4.313224181532859802e-02,4.078549891710281372e-02,-1.465831324458122253e-02,-1.087160706520080566e-01,-3.884397447109222412e-02,6.505670957267284393e-03,9.753978252410888672e-02,-4.426692798733711243e-02,-8.833451569080352783e-02,-1.695402897894382477e-02,2.200652472674846649e-02,-9.644636511802673340e-02,-3.711297363042831421e-02,1.584684550762176514e-01,2.277177572250366211e-01,-8.531557023525238037e-02,-1.291876733303070068e-01,1.441746056079864502e-01,5.776076018810272217e-02,-5.703323706984519958e-02,-5.528032407164573669e-02,1.584287583827972412e-01,3.302189335227012634e-02,8.616171032190322876e-02,-1.504306495189666748e-02,-7.423955947160720825e-02,-7.122774422168731689e-02,2.385610714554786682e-02,9.577848017215728760e-02,-2.193067520856857300e-01,-5.949159339070320129e-02,2.771078050136566162e-02,7.183204591274261475e-02,-1.323914080858230591e-01,4.403060674667358398e-02,4.633374139666557312e-02,1.171570494771003723e-01,-1.021846979856491089e-01,5.440048128366470337e-02,1.545389834791421890e-02,1.980263367295265198e-02,-2.856706269085407257e-02,3.880235925316810608e-02,-4.776295274496078491e-02,-7.260431349277496338e-02,-2.249586582183837891e-02,3.309728577733039856e-02,-6.978726387023925781e-02,-5.599299073219299316e-02,5.079053714871406555e-02,8.961588144302368164e-02,-1.248157918453216553e-01,3.626332804560661316e-02,-9.685417264699935913e-02,8.300148695707321167e-02,-9.794502519071102142e-03,-1.612197458744049072e-01,-3.442522138357162476e-02,-7.751909643411636353e-02,9.547639638185501099e-02,7.984715700149536133e-02,2.218111790716648102e-02,4.329153895378112793e-02
-3.336020978167653084e-03,1.721673607826232910e-01,7.844242453575134277e-02,-1.553943660110235214e-02,-2.521330676972866058e-02,8.303416520357131958e-02,-3.213596343994140625e-02,1.961788162589073181e-02,-2.013040781021118164e-01,1.371788680553436279e-01,-5.773035809397697449e-03,-1.197114214301109314e-01,-2.302137017250061035e-02,-5.224901065230369568e-02,1.344528198242187500e-01,-8.049503713846206665e-02,5.390214920043945312e-02,2.126035653054714203e-02,2.017676979303359985e-01,-6.087983772158622742e-02,-9.154366329312324524e-03,2.042635343968868256e-02,1.707559823989868164e-02,-7.685159891843795776e-02,1.023014187812805176e-01,2.493560686707496643e-02,-4.671067744493484497e-02,-5.128158628940582275e-02,1.268302202224731445e-01,-3.399048373103141785e-02,-6.447348278015851974e-04,-1.437514573335647583e-01,-5.658539757132530212e-02,-1.118451356887817383e-01,1.473810821771621704e-01,-5.344972386956214905e-02,1.506101340055465698e-02,2.111284434795379639e-02,1.148173213005065918e-01,-2.327450178563594818e-02,-5.075392872095108032e-02,4.361140076071023941e-03,-9.715668112039566040e-02,1.887732557952404022e-02,-1.117828339338302612e-01,1.526277065277099609e-01,6.901366263628005981e-02,-3.210835158824920654e-02,-1.232856661081314087e-01,-1.074754819273948669e-01,8.721905946731567383e-02,2.225763797760009766e-01,-1.023845281451940536e-03,-3.017447330057621002e-02,-8.270037174224853516e-02,-4.598109796643257141e-02,1.416734755039215088e-01,-7.815824449062347412e-02,3.353346884250640869e-02,-8.266603946685791016e-02,6.267480552196502686e-02,-2.923439815640449524e-02,-1.564690098166465759e-02,-3.219261765480041504e-02,8.786533772945404053e-02,-8.561870455741882324e-02,8.930547535419464111e-02,1.733690313994884491e-02,6.869105994701385498e-02,6.782191991806030273e-02,6.004429236054420471e-02,1.075719594955444336e-01,-4.466528072953224182e-03,-6.887564063072204590e-02,4.384228028357028961e-03,-2.388015389442443848e-02,-1.564723253250122070e-01,1.203184798359870911e-01,1.090799868106842041e-01,1.075468733906745911e-01,-1.051920205354690552e-01,3.009144589304924011e-02,7.755350321531295776e-02,8.069194853305816650e-02,1.263269186019897461e-01,-1.163161396980285645e-01,-7.660946808755397797e-03,3.325628116726875305e-02,3.259396553039550781e-02,-6.717541068792343140e-02,-5.986560508608818054e-02,1.078376471996307373e-01,5.294135585427284241e-02,2.220269665122032166e-02,-9.362423419952392578e-02,-2.666663229465484619e-01,1.607293486595153809e-01,7.913113385438919067e-02,-6.055667251348495483e-02,-9.561750292778015137e-02,-6.997113116085529327e-03,1.911628097295761108e-01,2.519145607948303223e-02,-2.227389812469482422e-02,-4.585008323192596436e-02,-8.069920353591442108e-03,1.424347311258316040e-01,4.346483200788497925e-02,1.513499915599822998e-01,5.673387646675109863e-02,7.063636928796768188e-02,-6.380642205476760864e-02,-4.443998262286186218e-02,-2.970035001635551453e-02,9.961289353668689728e-03,-1.745557412505149841e-02,-1.584443747997283936e-01,-1.027462631464004517e-01,-8.285193145275115967e-02,-7.716628164052963257e-02,-6.372304260730743408e-02,-4.318860918283462524e-02,-6.554130464792251587e-02,-4.996152967214584351e-02,1.117409542202949524e-01,2.423351444303989410e-02,7.499451190233230591e-02,5.051996558904647827e-02
9.500204771757125854e-02,-8.055174350738525391e-02,-8.649336546659469604e-02,2.949154376983642578e-02,9.756043553352355957e-02,9.517479687929153442e-02,1.043409407138824463e-01,1.408279221504926682e-02,-1.252101212739944458e-01,2.156112343072891235e-02,-5.754225701093673706e-02,1.597602516412734985e-01,1.327878981828689575e-01,-1.191491335630416870e-01,-8.736068010330200195e-02,-7.627328485250473022e-02,3.354680538177490234e-02,8.130692690610885620e-02,-6.191701442003250122e-02,1.715031862258911133e-01,9.817797690629959106e-02,-5.472025647759437561e-02,8.311907295137643814e-04,9.466000646352767944e-02,-7.151701301336288452e-02,7.071019615978002548e-03,-1.212638393044471741e-01,-1.997116357088088989e-01,-7.429343461990356445e-02,1.331017762422561646e-01,-9.228125214576721191e-02,4.065895080566406250e-02,-7.924070209264755249e-02,2.381786331534385681e-02,3.496315330266952515e-02,-8.264542371034622192e-02,-9.109664708375930786e-02,7.542334496974945068e-02,-8.818103373050689697e-02,-1.144662350416183472e-01,-2.115366235375404358e-02,1.143278460949659348e-02,-3.813929110765457153e-02,1.433975696563720703e-01,-1.445555984973907471e-01,-3.488194942474365234e-02,7.568717002868652344e-02,7.591180969029664993e-03,-2.448244206607341766e-02,6.801393628120422363e-02,1.755067557096481323e-01,-1.099453195929527283e-01,-2.532165870070457458e-02,-2.140616439282894135e-02,1.062168478965759277e-01,-5.526908114552497864e-02,-4.551171511411666870e-02,6.207264959812164307e-02,7.070361077785491943e-02,-9.600835293531417847e-02,6.251027435064315796e-02,-3.629526868462562561e-02,5.213952064514160156e-02,-2.762511745095252991e-02,8.656171709299087524e-02,-2.761204242706298828e-01,-8.408164605498313904e-03,8.980390615761280060e-03,-7.736843824386596680e-02,-9.008609503507614136e-02,4.943372681736946106e-02,4.957220330834388733e-02,3.200900182127952576e-02,-1.040280088782310486e-01,-1.883787214756011963e-01,1.032237708568572998e-01,-3.564366698265075684e-02,2.369634620845317841e-02,9.486026316881179810e-02,1.654202491044998169e-01,-3.119800426065921783e-02,-5.443468317389488220e-02,9.243834763765335083e-03,2.834136784076690674e-02,1.828883588314056396e-02,-1.399720013141632080e-01,1.209215894341468811e-01,3.271148353815078735e-02,6.841368228197097778e-02,-3.651270270347595215e-02,-1.217209547758102417e-01,-3.567540645599365234e-02,-3.434678167104721069e-02,2.244776301085948944e-02,-1.721441894769668579e-01,-6.288947165012359619e-02,9.356322139501571655e-02,-1.646462641656398773e-02,-5.512414872646331787e-02,-3.680594637989997864e-02,9.623839706182479858e-02,1.660960167646408081e-01,-2.305092290043830872e-02,9.488326311111450195e-02,-9.934911876916885376e-02,-8.785933256149291992e-02,-8.271455019712448120e-02,8.648868650197982788e-02,-3.426643460988998413e-02,8.079737424850463867e-02,5.062776803970336914e-02,2.462712861597537994e-02,-1.130575090646743774e-01,-1.677483692765235901e-02,-5.895464867353439331e-02,9.118394553661346436e-02,-1.180054545402526855e-01,-5.274391919374465942e-02,-1.683399379253387451e-01,6.965521723031997681e-02,-1.361575424671173096e-01,8.082537911832332611e-03,-2.974202483892440796e-02,-3.408892452716827393e-02,5.231964960694313049e-02,2.013296820223331451e-02,-6.333704292774200439e-02,-7.609315961599349976e-02
-3.336020745337009430e-03,1.721673458814620972e-01,7.844241708517074585e-02,-1.553943566977977753e-02,-2.521330490708351135e-02,8.303415775299072266e-02,-3.213595971465110779e-02,1.961787976324558258e-02,-2.013040632009506226e-01,1.371788531541824341e-01,-5.773035343736410141e-03,-1.197114139795303345e-01,-2.302136830985546112e-02,-5.224900692701339722e-02,1.344528198242187500e-01,-8.049503713846206665e-02,5.390214547514915466e-02,2.126035466790199280e-02,2.017676830291748047e-01,-6.087983399629592896e-02,-9.154365397989749908e-03,2.042635343968868256e-02,1.707559637725353241e-02,-7.685159891843795776e-02,1.023014113306999207e-01,2.493560500442981720e-02,-4.671067371964454651e-02,-5.128158256411552429e-02,1.268302202224731445e-01,-3.399048000574111938e-02,-6.447348278015851974e-04,-1.437514424324035645e-01,-5.658539384603500366e-02,-1.118451282382011414e-01,1.473810672760009766e-01,-5.344972014427185059e-02,1.506101246923208237e-02,2.111284434795379639e-02,1.148173138499259949e-01,-2.327449992299079895e-02,-5.075392499566078186e-02,4.361139610409736633e-03,-9.715667366981506348e-02,1.887732557952404022e-02,-1.117828264832496643e-01,1.526276916265487671e-01,6.901365518569946289e-02,-3.210835158824920654e-02,-1.232856586575508118e-01,-1.074754744768142700e-01,8.721905946731567383e-02,2.225763648748397827e-01,-1.023845165036618710e-03,-3.017447143793106079e-02,-8.270036429166793823e-02,-4.598109424114227295e-02,1.416734606027603149e-01,-7.815823704004287720e-02,3.353346884250640869e-02,-8.266603201627731323e-02,6.267479807138442993e-02,-2.923439629375934601e-02,-1.564690098166465759e-02,-3.219261765480041504e-02,8.786533027887344360e-02,-8.561870455741882324e-02,8.930546790361404419e-02,1.733690313994884491e-02,6.869105994701385498e-02,6.782191991806030273e-02,6.004428863525390625e-02,1.075719594955444336e-01,-4.466528072953224182e-03,-6.887563318014144897e-02,4.384227562695741653e-03,-2.388015203177928925e-02,-1.564723104238510132e-01,1.203184723854064941e-01,1.090799793601036072e-01,1.075468659400939941e-01,-1.051920130848884583e-01,3.009144403040409088e-02,7.755349576473236084e-02,8.069194108247756958e-02,1.263269037008285522e-01,-1.163161322474479675e-01,-7.660946343094110489e-03,3.325627744197845459e-02,3.259396180510520935e-02,-6.717540323734283447e-02,-5.986560136079788208e-02,1.078376397490501404e-01,5.294135212898254395e-02,2.220269478857517242e-02,-9.362423419952392578e-02,-2.666662931442260742e-01,1.607293337583541870e-01,7.913112640380859375e-02,-6.055666878819465637e-02,-9.561749547719955444e-02,-6.997112650424242020e-03,1.911627948284149170e-01,2.519145421683788300e-02,-2.227389812469482422e-02,-4.585007950663566589e-02,-8.069919422268867493e-03,1.424347311258316040e-01,4.346482828259468079e-02,1.513499766588211060e-01,5.673387274146080017e-02,7.063636183738708496e-02,-6.380642205476760864e-02,-4.443997889757156372e-02,-2.970034815371036530e-02,9.961289353668689728e-03,-1.745557226240634918e-02,-1.584443747997283936e-01,-1.027462556958198547e-01,-8.285192400217056274e-02,-7.716627418994903564e-02,-6.372304260730743408e-02,-4.318860545754432678e-02,-6.554130464792251587e-02,-4.996152594685554504e-02,1.117409467697143555e-01,2.423351258039474487e-02,7.499451190233230591e-02,5.051996186375617981e-02
9.500204026699066162e-02,-8.055173605680465698e-02,-8.649336546659469604e-02,2.949154190719127655e-02,9.756042808294296265e-02,9.517479687929153442e-02,1.043409332633018494e-01,1.408279128372669220e-02,-1.252101212739944458e-01,2.156112156808376312e-02,-5.754225328564643860e-02,1.597602516412734985e-01,1.327878981828689575e-01,-1.191491261124610901e-01,-8.736068010330200195e-02,-7.627327740192413330e-02,3.354680538177490234e-02,8.130691945552825928e-02,-6.191701069474220276e-02,1.715031862258911133e-01,9.817797690629959106e-02,-5.472025275230407715e-02,8.311906713061034679e-04,9.465999901294708252e-02,-7.151701301336288452e-02,7.071019150316715240e-03,-1.212638318538665771e-01,-1.997116357088088989e-01,-7.429342716932296753e-02,1.331017762422561646e-01,-9.228124469518661499e-02,4.065894708037376404e-02,-7.924070209264755249e-02,2.381786145269870758e-02,3.496314957737922668e-02,-8.264542371034622192e-02,-9.109663963317871094e-02,7.542334496974945068e-02,-8.818102627992630005e-02,-1.144662275910377502e-01,-2.115366235375404358e-02,1.143278460949659348e-02,-3.813928738236427307e-02,1.433975547552108765e-01,-1.445555835962295532e-01,-3.488194569945335388e-02,7.568716257810592651e-02,7.591180503368377686e-03,-2.448244020342826843e-02,6.801393628120422363e-02,1.755067408084869385e-01,-1.099453121423721313e-01,-2.532165683805942535e-02,-2.140616253018379211e-02,1.062168404459953308e-01,-5.526907742023468018e-02,-4.551171138882637024e-02,6.207264587283134460e-02,7.070360332727432251e-02,-9.600834548473358154e-02,6.251026690006256104e-02,-3.629526495933532715e-02,5.213952064514160156e-02,-2.762511558830738068e-02,8.656170964241027832e-02,-2.761204242706298828e-01,-8.408163674175739288e-03,8.980390615761280060e-03,-7.736843079328536987e-02,-9.008608758449554443e-02,4.943372309207916260e-02,4.957219958305358887e-02,3.200899809598922729e-02,-1.040280088782310486e-01,-1.883787065744400024e-01,1.032237634062767029e-01,-3.564366325736045837e-02,2.369634434580802917e-02,9.486026316881179810e-02,1.654202342033386230e-01,-3.119800053536891937e-02,-5.443467944860458374e-02,9.243834763765335083e-03,2.834136597812175751e-02,1.828883402049541473e-02,-1.399719864130020142e-01,1.209215819835662842e-01,3.271147981286048889e-02,6.841368228197097778e-02,-3.651270270347595215e-02,-1.217209473252296448e-01,-3.567540273070335388e-02,-3.434677794575691223e-02,2.244776114821434021e-02,-1.721441745758056641e-01,-6.288946419954299927e-02,9.356321394443511963e-02,-1.646462641656398773e-02,-5.512414500117301941e-02,-3.680594637989997864e-02,9.623838961124420166e-02,1.660960167646408081e-01,-2.305092103779315948e-02,9.488325566053390503e-02,-9.934911876916885376e-02,-8.785932511091232300e-02,-8.271454274654388428e-02,8.648867905139923096e-02,-3.426643088459968567e-02,8.079736679792404175e-02,5.062776431441307068e-02,2.462712675333023071e-02,-1.130575016140937805e-01,-1.677483506500720978e-02,-5.895464494824409485e-02,9.118393808603286743e-02,-1.180054470896720886e-01,-5.274391546845436096e-02,-1.683399379253387451e-01,6.965520977973937988e-02,-1.361575424671173096e-01,8.082536980509757996e-03,-2.974202297627925873e-02,-3.408892080187797546e-02,5.231964588165283203e-02,2.013296633958816528e-02,-6.333704292774200439e-02,-7.609315216541290283e-02
-3.336020745337009430e-03,1.721673458814620972e-01,7.844241708517074585e-02,-1.553943566977977753e-02,-2.521330490708351135e-02,8.303415775299072266e-02,-3.213595971465110779e-02,1.961787976324558258e-02,-2.013040632009506226e-01,1.371788531541824341e-01,-5.773035343736410141e-03,-1.197114139795303345e-01,-2.302136830985546112e-02,-5.224900692701339722e-02,1.344528198242187500e-01,-8.049503713846206665e-02,5.390214547514915466e-02,2.126035466790199280e-02,2.017676830291748047e-01,-6.087983399629592896e-02,-9.154365397989749908e-03,2.042635343968868256e-02,1.707559637725353241e-02,-7.685159891843795776e-02,1.023014113306999207e-01,2.493560500442981720e-02,-4.671067371964454651e-02,-5.128158256411552429e-02,1.268302202224731445e-01,-3.399048000574111938e-02,-6.447348278015851974e-04,-1.437514424324035645e-01,-5.658539384603500366e-02,-1.118451282382011414e-01,1.473810672760009766e-01,-5.344972014427185059e-02,1.506101246923208237e-02,2.111284434795379639e-02,1.148173138499259949e-01,-2.327449992299079895e-02,-5.075392499566078186e-02,4.361139610409736633e-03,-9.715667366981506348e-02,1.887732557952404022e-02,-1.117828264832496643e-01,1.526276916265487671e-01,6.901365518569946289e-02,-3.210835158824920654e-02,-1.232856586575508118e-01,-1.074754744768142700e-01,8.721905946731567383e-02,2.225763648748397827e-01,-1.023845165036618710e-03,-3.017447143793106079e-02,-8.270036429166793823e-02,-4.598109424114227295e-02,1.416734606027603149e-01,-7.815823704004287720e-02,3.353346884250640869e-02,-8.266603201627731323e-02,6.267479807138442993e-02,-2.923439629375934601e-02,-1.564690098166465759e-02,-3.219261765480041504e-02,8.786533027887344360e-02,-8.561870455741882324e-02,8.930546790361404419e-02,1.733690313994884491e-02,6.869105994701385498e-02,6.782191991806030273e-02,6.004428863525390625e-02,1.075719594955444336e-01,-4.466528072953224182e-03,-6.887563318014144897e-02,4.384227562695741653e-03,-2.388015203177928925e-02,-1.564723104238510132e-01,1.203184723854064941e-01,1.090799793601036072e-01,1.075468659400939941e-01,-1.051920130848884583e-01,3.009144403040409088e-02,7.755349576473236084e-02,8.069194108247756958e-02,1.263269037008285522e-01,-1.163161322474479675e-01,-7.660946343094110489e-03,3.325627744197845459e-02,3.259396180510520935e-02,-6.717540323734283447e-02,-5.986560136079788208e-02,1.078376397490501404e-01,5.294135212898254395e-02,2.220269478857517242e-02,-9.362423419952392578e-02,-2.666662931442260742e-01,1.607293337583541870e-01,7.913112640380859375e-02,-6.055666878819465637e-02,-9.561749547719955444e-02,-6.997112650424242020e-03,1.911627948284149170e-01,2.519145421683788300e-02,-2.227389812469482422e-02,-4.585007950663566589e-02,-8.069919422268867493e-03,1.424347311258316040e-01,4.346482828259468079e-02,1.513499766588211060e-01,5.673387274146080017e-02,7.063636183738708496e-02,-6.380642205476760864e-02,-4.443997889757156372e-02,-2.970034815371036530e-02,9.961289353668689728e-03,-1.745557226240634918e-02,-1.584443747997283936e-01,-1.027462556958198547e-01,-8.285192400217056274e-02,-7.716627418994903564e-02,-6.372304260730743408e-02,-4.318860545754432678e-02,-6.554130464792251587e-02,-4.996152594685554504e-02,1.117409467697143555e-01,2.423351258039474487e-02,7.499451190233230591e-02,5.051996186375617981e-02
9.500204026699066162e-02,-8.055173605680465698e-02,-8.649336546659469604e-02,2.949154190719127655e-02,9.756042808294296265e-02,9.517479687929153442e-02,1.043409332633018494e-01,1.408279128372669220e-02,-1.252101212739944458e-01,2.156112156808376312e-02,-5.754225328564643860e-02,1.597602516412734985e-01,1.327878981828689575e-01,-1.191491261124610901e-01,-8.736068010330200195e-02,-7.627327740192413330e-02,3.354680538177490234e-02,8.130691945552825928e-02,-6.191701069474220276e-02,1.715031862258911133e-01,9.817797690629959106e-02,-5.472025275230407715e-02,8.311906713061034679e-04,9.465999901294708252e-02,-7.151701301336288452e-02,7.071019150316715240e-03,-1.212638318538665771e-01,-1.997116357088088989e-01,-7.429342716932296753e-02,1.331017762422561646e-01,-9.228124469518661499e-02,4.065894708037376404e-02,-7.924070209264755249e-02,2.381786145269870758e-02,3.496314957737922668e-02,-8.264542371034622192e-02,-9.109663963317871094e-02,7.542334496974945068e-02,-8.818102627992630005e-02,-1.144662275910377502e-01,-2.115366235375404358e-02,1.143278460949659348e-02,-3.813928738236427307e-02,1.433975547552108765e-01,-1.445555835962295532e-01,-3.488194569945335388e-02,7.568716257810592651e-02,7.591180503368377686e-03,-2.448244020342826843e-02,6.801393628120422363e-02,1.755067408084869385e-01,-1.099453121423721313e-01,-2.532165683805942535e-02,-2.140616253018379211e-02,1.062168404459953308e-01,-5.526907742023468018e-02,-4.551171138882637024e-02,6.207264587283134460e-02,7.070360332727432251e-02,-9.600834548473358154e-02,6.251026690006256104e-02,-3.629526495933532715e-02,5.213952064514160156e-02,-2.762511558830738068e-02,8.656170964241027832e-02,-2.761204242706298828e-01,-8.408163674175739288e-03,8.980390615761280060e-03,-7.736843079328536987e-02,-9.008608758449554443e-02,4.943372309207916260e-02,4.957219958305358887e-02,3.200899809598922729e-02,-1.040280088782310486e-01,-1.883787065744400024e-01,1.032237634062767029e-01,-3.564366325736045837e-02,2.369634434580802917e-02,9.486026316881179810e-02,1.654202342033386230e-01,-3.119800053536891937e-02,-5.443467944860458374e-02,9.243834763765335083e-03,2.834136597812175751e-02,1.828883402049541473e-02,-1.399719864130020142e-01,1.209215819835662842e-01,3.271147981286048889e-02,6.841368228197097778e-02,-3.651270270347595215e-02,-1.217209473252296448e-01,-3.567540273070335388e-02,-3.434677794575691223e-02,2.244776114821434021e-02,-1.721441745758056641e-01,-6.288946419954299927e-02,9.356321394443511963e-02,-1.646462641656398773e-02,-5.512414500117301941e-02,-3.680594637989997864e-02,9.623838961124420166e-02,1.660960167646408081e-01,-2.305092103779315948e-02,9.488325566053390503e-02,-9.934911876916885376e-02,-8.785932511091232300e-02,-8.271454274654388428e-02,8.648867905139923096e-02,-3.426643088459968567e-02,8.079736679792404175e-02,5.062776431441307068e-02,2.462712675333023071e-02,-1.130575016140937805e-01,-1.677483506500720978e-02,-5.895464494824409485e-02,9.118393808603286743e-02,-1.180054470896720886e-01,-5.274391546845436096e-02,-1.683399379253387451e-01,6.965520977973937988e-02,-1.361575424671173096e-01,8.082536980509757996e-03,-2.974202297627925873e-02,-3.408892080187797546e-02,5.231964588165283203e-02,2.013296633958816528e-02,-6.333704292774200439e-02,-7.609315216541290283e-02
1.993451453745365143e-02,8.650353178381919861e-03,9.603248536586761475e-02,-4.298965632915496826e-02,2.373986877501010895e-03,1.125484481453895569e-01,-3.184297308325767517e-02,1.272893697023391724e-01,4.295928403735160828e-02,-1.314347260631620884e-03,4.404428973793983459e-02,6.702303141355514526e-02,-1.953550055623054504e-02,-1.931062340736389160e-01,-1.950115896761417389e-02,-8.809715509414672852e-02,-1.441728025674819946e-01,-2.406466379761695862e-02,-9.155540913343429565e-02,8.221925795078277588e-02,1.142390519380569458e-01,3.460929915308952332e-02,5.478543695062398911e-03,1.290387958288192749e-01,-2.899377979338169098e-02,4.920334368944168091e-02,6.851043552160263062e-03,-1.681863069534301758e-01,2.682465314865112305e-02,-6.531564146280288696e-02,4.523753002285957336e-02,-1.328149139881134033e-01,-6.811082363128662109e-02,5.751048400998115540e-02,-1.167536433786153793e-02,1.189220976084470749e-02,-1.180177330970764160e-01,1.290672421455383301e-01,-8.878644555807113647e-02,6.264553964138031006e-02,1.428517792373895645e-02,-2.246592752635478973e-02,-2.424414455890655518e-01,1.365360170602798462e-01,-5.086714029312133789e-02,-4.491222649812698364e-02,2.993430942296981812e-02,-2.034996263682842255e-02,-7.195288687944412231e-02,8.277381956577301025e-02,2.744446694850921631e-02,1.301025003194808960e-01,-1.290917545557022095e-01,-2.718133106827735901e-02,7.392605394124984741e-02,-3.019967861473560333e-02,-1.765595376491546631e-02,5.205727741122245789e-02,-5.136803165078163147e-02,-1.193060353398323059e-01,-1.298596244305372238e-02,-1.222237497568130493e-01,1.329383254051208496e-01,5.340426787734031677e-02,9.202010929584503174e-03,-2.640711069107055664e-01,9.132089465856552124e-02,6.736256927251815796e-02,7.596229016780853271e-02,1.759308576583862305e-01,6.591186672449111938e-02,1.002862676978111267e-01,-5.677002482116222382e-03,3.530073538422584534e-02,-3.668913245201110840e-02,-7.397940754890441895e-02,-1.486509889364242554e-01,1.537020653486251831e-01,5.162188410758972168e-02,1.602567136287689209e-01,-1.019239202141761780e-01,8.122654259204864502e-02,7.085213810205459595e-02,-7.148847449570894241e-03,1.583563908934593201e-02,-1.249181404709815979e-01,1.630583852529525757e-01,1.159354969859123230e-01,8.358012884855270386e-02,-3.343284502625465393e-02,1.092116348445415497e-02,-3.832733258605003357e-02,-3.851138800382614136e-02,4.374510049819946289e-02,-7.384473085403442383e-02,-1.325255930423736572e-01,5.201074853539466858e-02,-1.013925150036811829e-01,-2.690627239644527435e-02,-7.284295558929443359e-02,-8.423466351814568043e-04,6.367496401071548462e-02,-1.050652340054512024e-01,-1.397170871496200562e-02,-5.163515731692314148e-02,-1.767111383378505707e-02,-4.815585911273956299e-02,-2.036733739078044891e-02,8.845282346010208130e-02,-4.541901871562004089e-02,7.482612878084182739e-02,1.625400632619857788e-01,-1.340844929218292236e-01,7.426075637340545654e-03,1.185725331306457520e-01,7.222883403301239014e-02,-9.077668935060501099e-02,-1.962431073188781738e-01,-9.519534185528755188e-03,6.670748442411422729e-02,1.210653502494096756e-02,1.146597862243652344e-01,-1.822867803275585175e-02,4.821834340691566467e-02,4.633077606558799744e-02,1.403044909238815308e-02,1.301911026239395142e-01,3.598788380622863770e-02
9.501714259386062622e-02,-7.006581872701644897e-02,-1.902209781110286713e-02,-8.026663959026336670e-02,1.513896286487579346e-01,1.654540151357650757e-01,1.250885725021362305e-01,4.803706705570220947e-02,-1.239067912101745605e-01,-5.553642287850379944e-02,-6.530836224555969238e-02,8.797960728406906128e-02,1.617994457483291626e-01,-4.044130817055702209e-02,1.783726969733834267e-03,-7.008361816406250000e-02,-1.154866069555282593e-01,1.392986439168453217e-02,-1.524121612310409546e-01,1.942784935235977173e-01,1.450458317995071411e-01,-6.562373787164688110e-02,8.504255115985870361e-02,4.843931272625923157e-02,-1.035748645663261414e-01,-3.889785706996917725e-02,-2.125102728605270386e-01,-1.855983734130859375e-01,-2.417822601273655891e-03,4.821200296282768250e-02,-5.005598440766334534e-02,3.205613046884536743e-02,-1.426653265953063965e-01,6.136283278465270996e-02,-3.300296608358621597e-03,1.467434968799352646e-02,-9.804917126893997192e-02,1.665599644184112549e-01,-7.492570579051971436e-02,-3.642501309514045715e-02,4.645066708326339722e-02,3.316387906670570374e-02,-8.957670629024505615e-02,3.115939907729625702e-02,-1.826099008321762085e-01,-4.836757481098175049e-02,6.390525400638580322e-02,3.633638098835945129e-02,-6.768044829368591309e-02,1.082576587796211243e-01,-4.651448875665664673e-02,-1.453004181385040283e-01,-7.496603578329086304e-02,6.614553183317184448e-02,9.722528606653213501e-02,-5.780278518795967102e-02,-1.536791492253541946e-02,1.841646283864974976e-01,-5.370628461241722107e-02,-9.745064377784729004e-02,-2.696302020922303200e-03,8.947672694921493530e-02,1.455167979001998901e-01,-8.286421746015548706e-02,9.215915948152542114e-02,-8.954840153455734253e-02,1.613940298557281494e-02,7.091253995895385742e-02,-7.292670011520385742e-02,-5.415729433298110962e-02,7.330110669136047363e-02,1.377791762351989746e-01,4.078739136457443237e-02,3.918290138244628906e-02,-7.189413905143737793e-02,7.978549599647521973e-02,-5.534497275948524475e-02,-7.335425913333892822e-02,1.311984360218048096e-01,6.747681647539138794e-02,-1.191563904285430908e-02,-1.356641668826341629e-02,-2.663795277476310730e-02,1.055549271404743195e-02,-5.248394608497619629e-02,-2.648553811013698578e-02,1.305405795574188232e-01,1.027313172817230225e-01,5.605805292725563049e-02,-7.617599796503782272e-03,1.114575713872909546e-01,-1.306830048561096191e-01,2.124513499438762665e-02,-1.036224886775016785e-02,-1.308414340019226074e-01,-1.042240485548973083e-01,1.848669489845633507e-03,5.485282093286514282e-02,-1.746268942952156067e-02,5.201463028788566589e-02,4.579419642686843872e-02,2.908375486731529236e-02,-7.156178355216979980e-02,9.843200445175170898e-02,-1.261468529701232910e-01,6.176121160387992859e-02,-1.314140707254409790e-01,1.074264645576477051e-01,3.621925832703709602e-03,7.377314846962690353e-03,4.072916880249977112e-02,1.122220829129219055e-01,-1.060547754168510437e-01,2.884898893535137177e-02,-6.632149685174226761e-03,1.474582850933074951e-01,-8.168079704046249390e-02,-1.262017805129289627e-02,-1.073148623108863831e-01,1.075607687234878540e-01,-7.274129986763000488e-02,-8.782563731074333191e-03,-1.605059718713164330e-03,5.288534238934516907e-02,-6.872624903917312622e-02,4.725261405110359192e-02,-1.134229823946952820e-01,-5.060401931405067444e-02
-8.597033098340034485e-03,1.727258861064910889e-01,4.900241643190383911e-02,-6.722299754619598389e-02,-2.588132955133914948e-02,8.851780742406845093e-02,-4.327404126524925232e-02,3.925475105643272400e-02,3.823032602667808533e-03,3.467683866620063782e-02,1.828699111938476562e-01,2.138087525963783264e-02,-5.084950476884841919e-02,-1.655165404081344604e-01,-8.376712910830974579e-03,-8.226016908884048462e-02,-1.513255983591079712e-01,6.614463031291961670e-02,-3.396763652563095093e-02,5.790933594107627869e-02,5.365258455276489258e-02,9.504744410514831543e-02,-1.821637153625488281e-02,-7.330046501010656357e-03,-1.723312889225780964e-04,2.857641316950321198e-02,9.261187165975570679e-02,-4.500579088926315308e-02,1.169748753309249878e-01,9.222143329679965973e-03,-2.761846780776977539e-02,-1.945881843566894531e-01,2.321944572031497955e-02,1.045777928084135056e-02,4.816822707653045654e-02,1.081796921789646149e-02,-1.999859511852264404e-02,3.796308115124702454e-02,3.046820312738418579e-02,1.197903752326965332e-01,-7.158816792070865631e-03,-3.454140946269035339e-02,-1.177621856331825256e-01,1.795717328786849976e-01,-1.389595270156860352e-01,-5.781779438257217407e-02,1.086619272828102112e-01,-6.318114697933197021e-02,-1.264358460903167725e-01,7.585683465003967285e-02,-9.970044717192649841e-03,1.737162917852401733e-01,-2.395131587982177734e-01,5.400623381137847900e-02,-2.256752923130989075e-02,-1.337313442490994930e-04,-6.002499535679817200e-02,5.209608934819698334e-04,-1.607413291931152344e-01,-3.098918683826923370e-02,-7.427934557199478149e-02,-1.750358790159225464e-01,2.307013720273971558e-01,2.301377430558204651e-02,2.479638159275054932e-02,-1.949936747550964355e-01,7.655390352010726929e-02,-5.463073030114173889e-02,2.746871672570705414e-02,1.673051267862319946e-01,7.822215557098388672e-02,6.236880272626876831e-02,4.089570418000221252e-02,5.064768344163894653e-02,4.110599681735038757e-02,-1.257134079933166504e-01,-1.274822801351547241e-01,1.504828035831451416e-01,-2.518093027174472809e-02,2.054945379495620728e-02,-5.845606327056884766e-02,1.109244227409362793e-01,5.620007961988449097e-02,6.947678327560424805e-02,-4.626322071999311447e-03,1.457235310226678848e-02,4.728379845619201660e-02,2.496342360973358154e-02,9.346878528594970703e-02,2.012628875672817230e-02,4.070967435836791992e-02,-1.324039548635482788e-01,-9.149728715419769287e-02,2.945763431489467621e-02,-7.460106164216995239e-03,-2.298703789710998535e-01,-4.789384827017784119e-02,-2.983634918928146362e-02,-4.967029206454753876e-03,-4.012817889451980591e-02,-1.349491328001022339e-01,6.967954337596893311e-02,-3.105109743773937225e-02,-1.765353977680206299e-02,-7.520751561969518661e-03,1.057731509208679199e-01,7.347513735294342041e-02,7.999875396490097046e-02,7.431495189666748047e-02,-5.747625976800918579e-02,4.355725273489952087e-02,4.650152847170829773e-02,-8.058357983827590942e-02,1.001481190323829651e-01,3.616487979888916016e-02,-4.079344123601913452e-02,8.385426364839076996e-03,-1.406389474868774414e-01,8.388543128967285156e-02,1.320665050297975540e-02,5.136166885495185852e-02,1.977362856268882751e-02,-9.918873198330402374e-03,7.365075498819351196e-02,1.027377992868423462e-01,-1.520082540810108185e-02,1.769887506961822510e-01,6.925071775913238525e-02
-1.569755747914314270e-02,1.679473370313644409e-01,1.250865161418914795e-01,-6.139971315860748291e-02,-4.545000195503234863e-02,2.882004156708717346e-02,-1.575793884694576263e-02,6.701094657182693481e-02,2.741040289402008057e-02,9.106311202049255371e-02,1.648452430963516235e-01,-2.864737994968891144e-02,-6.370048969984054565e-02,-1.204380989074707031e-01,6.500151753425598145e-02,-8.867757767438888550e-02,-1.065136641263961792e-01,3.252442553639411926e-02,-9.352107532322406769e-03,1.151705859228968620e-03,3.005549125373363495e-02,1.033154577016830444e-01,-4.397633299231529236e-02,3.028790652751922607e-02,9.304201230406761169e-03,3.803515806794166565e-02,8.436848223209381104e-02,-2.576923184096813202e-02,1.520744562149047852e-01,-1.603382825851440430e-02,-1.585133932530879974e-02,-1.857353597879409790e-01,-5.005443235859274864e-04,1.797258295118808746e-02,4.607207328081130981e-02,2.195023000240325928e-02,-4.737107083201408386e-03,8.705663681030273438e-02,1.731848344206809998e-02,1.344217061996459961e-01,-2.059588395059108734e-02,-1.783503964543342590e-02,-1.800650060176849365e-01,1.143267378211021423e-01,-7.698719948530197144e-02,2.347579039633274078e-02,5.253821611404418945e-02,-4.743767157196998596e-02,-7.522305846214294434e-02,1.174045610241591930e-03,9.430116973817348480e-03,2.578395307064056396e-01,-2.249788492918014526e-01,1.797434873878955841e-02,1.661987771512940526e-04,5.552699789404869080e-03,-2.736147306859493256e-02,-2.418755926191806793e-02,-1.318142116069793701e-01,-9.414066560566425323e-03,-4.394358769059181213e-02,-2.119608223438262939e-01,1.290607750415802002e-01,4.941761121153831482e-02,1.333192177116870880e-02,-1.967484652996063232e-01,1.091804429888725281e-01,-8.454606868326663971e-03,7.677934318780899048e-02,1.937949657440185547e-01,7.445840537548065186e-02,8.090596646070480347e-02,1.546671986579895020e-02,5.863162130117416382e-02,4.519739747047424316e-02,-1.277576833963394165e-01,-1.272141337394714355e-01,2.180761098861694336e-01,6.895391270518302917e-03,1.368069183081388474e-02,-6.994767487049102783e-02,1.189789623022079468e-01,5.736501514911651611e-02,5.179886147379875183e-02,4.714367166161537170e-02,-6.900999695062637329e-02,7.356755435466766357e-02,5.052795261144638062e-02,7.464049011468887329e-02,3.170565003529191017e-03,2.197046577930450439e-02,-5.508827418088912964e-02,-3.277088701725006104e-02,2.407792024314403534e-02,-2.618950232863426208e-02,-2.223334610462188721e-01,1.337702269665896893e-03,-8.876109868288040161e-02,5.100008845329284668e-02,-4.770223796367645264e-02,-1.054230630397796631e-01,8.730234950780868530e-02,-4.972838237881660461e-02,-2.112014964222908020e-02,-5.336957052350044250e-03,4.455576464533805847e-02,5.951874330639839172e-02,1.115843467414379120e-02,1.476444154977798462e-01,-5.533096939325332642e-02,4.680540412664413452e-02,7.178561389446258545e-02,-1.088667064905166626e-01,7.223504781723022461e-02,7.930839061737060547e-02,-8.499357849359512329e-03,-4.928194452077150345e-03,-1.964718550443649292e-01,2.604126557707786560e-02,-8.112207055091857910e-03,4.547879472374916077e-02,7.318607717752456665e-02,-3.349345922470092773e-02,1.124044507741928101e-01,9.211670607328414917e-02,-8.876913227140903473e-03,1.630363166332244873e-01,5.616473406553268433e-02
9.501712769269943237e-02,-7.006581127643585205e-02,-1.902209594845771790e-02,-8.026663213968276978e-02,1.513896137475967407e-01,1.654540002346038818e-01,1.250885576009750366e-01,4.803705960512161255e-02,-1.239067763090133667e-01,-5.553641915321350098e-02,-6.530835479497909546e-02,8.797959983348846436e-02,1.617994308471679688e-01,-4.044130444526672363e-02,1.783726853318512440e-03,-7.008361071348190308e-02,-1.154865995049476624e-01,1.392986252903938293e-02,-1.524121463298797607e-01,1.942784637212753296e-01,1.450458168983459473e-01,-6.562373042106628418e-02,8.504254370927810669e-02,4.843930900096893311e-02,-1.035748496651649475e-01,-3.889785334467887878e-02,-2.125102579593658447e-01,-1.855983585119247437e-01,-2.417822368443012238e-03,4.821199551224708557e-02,-5.005597695708274841e-02,3.205612674355506897e-02,-1.426653116941452026e-01,6.136282533407211304e-02,-3.300296142697334290e-03,1.467434875667095184e-02,-9.804916381835937500e-02,1.665599495172500610e-01,-7.492569833993911743e-02,-3.642500936985015869e-02,4.645066335797309875e-02,3.316387534141540527e-02,-8.957669883966445923e-02,3.115939535200595856e-02,-1.826098710298538208e-01,-4.836757108569145203e-02,6.390524655580520630e-02,3.633637726306915283e-02,-6.768044084310531616e-02,1.082576438784599304e-01,-4.651448503136634827e-02,-1.453004032373428345e-01,-7.496602833271026611e-02,6.614552438259124756e-02,9.722527861595153809e-02,-5.780278146266937256e-02,-1.536791305989027023e-02,1.841646134853363037e-01,-5.370627716183662415e-02,-9.745062887668609619e-02,-2.696301788091659546e-03,8.947671949863433838e-02,1.455167829990386963e-01,-8.286421000957489014e-02,9.215915203094482422e-02,-8.954838663339614868e-02,1.613940112292766571e-02,7.091253250837326050e-02,-7.292669266462326050e-02,-5.415729060769081116e-02,7.330109924077987671e-02,1.377791613340377808e-01,4.078738763928413391e-02,3.918289765715599060e-02,-7.189413160085678101e-02,7.978548854589462280e-02,-5.534496903419494629e-02,-7.335425168275833130e-02,1.311984211206436157e-01,6.747680902481079102e-02,-1.191563811153173447e-02,-1.356641482561826706e-02,-2.663795091211795807e-02,1.055549178272485733e-02,-5.248394235968589783e-02,-2.648553438484668732e-02,1.305405646562576294e-01,1.027313098311424255e-01,5.605804920196533203e-02,-7.617599330842494965e-03,1.114575564861297607e-01,-1.306829899549484253e-01,2.124513313174247742e-02,-1.036224793642759323e-02,-1.308414191007614136e-01,-1.042240336537361145e-01,1.848669257014989853e-03,5.485281720757484436e-02,-1.746268756687641144e-02,5.201462656259536743e-02,4.579419270157814026e-02,2.908375114202499390e-02,-7.156177610158920288e-02,9.843198955059051514e-02,-1.261468380689620972e-01,6.176120787858963013e-02,-1.314140558242797852e-01,1.074264496564865112e-01,3.621925367042422295e-03,7.377313915640115738e-03,4.072916507720947266e-02,1.122220754623413086e-01,-1.060547605156898499e-01,2.884898521006107330e-02,-6.632148753851652145e-03,1.474582701921463013e-01,-8.168078958988189697e-02,-1.262017618864774704e-02,-1.073148474097251892e-01,1.075607612729072571e-01,-7.274129241704940796e-02,-8.782562799751758575e-03,-1.605059485882520676e-03,5.288533866405487061e-02,-6.872624158859252930e-02,4.725261032581329346e-02,-1.134229749441146851e-01,-5.060401558876037598e-02
7.373257726430892944e-02,8.721792697906494141e-02,4.478458687663078308e-02,7.883201539516448975e-02,2.539013326168060303e-02,1.844868957996368408e-01,7.920966297388076782e-02,4.881363734602928162e-02,5.969508551061153412e-03,3.112437762320041656e-02,1.333762109279632568e-01,1.170914918184280396e-01,1.193082192912697792e-03,-2.843567728996276855e-01,-1.398717332631349564e-02,-1.307781040668487549e-01,-1.000868380069732666e-01,9.529398381710052490e-02,-8.776295185089111328e-02,7.421055436134338379e-02,1.048504114151000977e-01,-3.658133745193481445e-02,-2.818788588047027588e-02,1.331901997327804565e-01,4.987959563732147217e-02,-8.159557729959487915e-02,-4.213766381144523621e-02,-1.642001718282699585e-01,-7.963974028825759888e-03,5.246290192008018494e-02,2.107044868171215057e-02,-8.375239372253417969e-02,-5.378101021051406860e-02,1.258171945810317993e-01,4.293598607182502747e-02,-7.719030976295471191e-02,-1.870519854128360748e-02,-6.001621950417757034e-03,-1.811263710260391235e-02,-4.709293320775032043e-02,8.028274774551391602e-02,-1.256561577320098877e-01,-7.686027884483337402e-02,1.208781301975250244e-01,-1.594125628471374512e-01,-1.855232268571853638e-01,7.232519239187240601e-02,-2.632682397961616516e-02,-9.722170233726501465e-02,1.137003377079963684e-01,1.046794652938842773e-01,3.335503116250038147e-02,-1.478061079978942871e-01,1.000566699076443911e-04,5.563437193632125854e-02,1.579366996884346008e-02,-1.178006827831268311e-01,6.875900551676750183e-03,-9.868708997964859009e-02,-6.936029344797134399e-02,-4.974940791726112366e-02,-1.553089171648025513e-01,1.544162631034851074e-01,-1.307280659675598145e-01,8.583068847656250000e-02,-1.554347276687622070e-01,4.957928135991096497e-02,-9.631136804819107056e-02,-1.132209971547126770e-01,1.218277513980865479e-01,-1.177908480167388916e-02,9.374710917472839355e-02,-3.400305658578872681e-02,4.373029991984367371e-02,-7.187319546937942505e-02,-8.555842190980911255e-02,-2.284223958849906921e-02,1.036099344491958618e-01,3.199135139584541321e-02,1.338490396738052368e-01,-1.528770178556442261e-01,5.272734444588422775e-03,7.354497909545898438e-02,6.411404814571142197e-03,2.999771200120449066e-02,-4.855055734515190125e-02,1.044861003756523132e-01,2.193848229944705963e-02,9.110686928033828735e-02,4.735709726810455322e-02,2.705060690641403198e-02,-1.564311832189559937e-01,-6.131660938262939453e-02,1.187518518418073654e-02,-1.068281531333923340e-01,-1.837347745895385742e-01,-1.735178194940090179e-02,-8.406089991331100464e-02,-1.963971182703971863e-02,-3.096376359462738037e-02,-1.932142116129398346e-02,8.198831230401992798e-02,-4.759717732667922974e-02,3.699783980846405029e-02,4.001120105385780334e-02,3.224708139896392822e-02,6.099721416831016541e-02,9.787134081125259399e-02,7.623992132721468806e-05,1.499682012945413589e-02,-6.316214799880981445e-03,7.177928835153579712e-02,-7.564102858304977417e-02,1.845435239374637604e-02,8.810244500637054443e-02,-3.616763651371002197e-02,-2.102260664105415344e-02,-7.867576926946640015e-02,6.514552235603332520e-02,1.139105558395385742e-01,3.774852678179740906e-02,3.525037318468093872e-02,-5.024434998631477356e-02,1.053560152649879456e-01,1.419664770364761353e-01,-1.120485179126262665e-02,1.717595160007476807e-01,4.188889171928167343e-03
1.138939633965492249e-01,-1.070898920297622681e-01,-7.919491827487945557e-02,5.044347420334815979e-02,8.057711273431777954e-02,7.599864900112152100e-02,1.192908361554145813e-01,8.166114799678325653e-03,-1.414659768342971802e-01,1.384817995131015778e-02,-6.647533923387527466e-02,1.539659649133682251e-01,1.326618939638137817e-01,-7.089754194021224976e-02,-8.257540315389633179e-02,-7.425419986248016357e-02,5.889230221509933472e-02,8.583941310644149780e-02,-3.527393192052841187e-02,1.514519751071929932e-01,9.689729660749435425e-02,-6.451588869094848633e-02,1.382774207741022110e-02,8.773942291736602783e-02,-7.480856031179428101e-02,8.859840221703052521e-03,-1.211124137043952942e-01,-2.025873214006423950e-01,-9.403678774833679199e-02,1.459480524063110352e-01,-1.214938536286354065e-01,6.895025819540023804e-02,-7.684758305549621582e-02,2.242916449904441833e-02,2.993238903582096100e-02,-9.405680745840072632e-02,-8.596088737249374390e-02,1.026236638426780701e-01,-8.897074311971664429e-02,-1.236735880374908447e-01,-5.213806033134460449e-02,2.829660102725028992e-02,-4.462786018848419189e-02,1.053381040692329407e-01,-1.330907940864562988e-01,-2.401819080114364624e-02,6.083131581544876099e-02,-1.647322624921798706e-02,-2.016806229948997498e-02,5.756089463829994202e-02,1.933234483003616333e-01,-1.139321625232696533e-01,1.843741163611412048e-03,-1.106694835470989347e-04,1.118534728884696960e-01,-5.967183038592338562e-02,-1.251872722059488297e-02,6.312566995620727539e-02,7.688337564468383789e-02,-8.299432694911956787e-02,9.115961939096450806e-02,-2.635180205106735229e-02,2.842728048563003540e-02,-4.175110161304473877e-02,9.647595882415771484e-02,-2.527059018611907959e-01,-7.275521755218505859e-03,1.171808224171400070e-02,-8.112859725952148438e-02,-8.810930699110031128e-02,3.938714414834976196e-02,4.535751044750213623e-02,2.832296118140220642e-02,-9.833718091249465942e-02,-2.040440440177917480e-01,1.018900573253631592e-01,-8.825882337987422943e-03,-1.135470438748598099e-02,9.565695375204086304e-02,1.499451547861099243e-01,-3.441937640309333801e-02,-6.848124414682388306e-02,-1.261044759303331375e-02,-1.028747297823429108e-02,2.154970914125442505e-02,-1.603402942419052124e-01,1.037840247154235840e-01,1.303702779114246368e-02,5.934146046638488770e-02,-3.751596063375473022e-02,-1.205040141940116882e-01,-2.477062307298183441e-02,-1.669248752295970917e-02,2.731798775494098663e-02,-1.623462438583374023e-01,-4.032577574253082275e-02,1.120855808258056641e-01,-1.503105554729700089e-02,-2.866093255579471588e-02,-7.961458526551723480e-03,1.062635481357574463e-01,1.734422296285629272e-01,-2.167418599128723145e-02,1.031448543071746826e-01,-9.200736135244369507e-02,-1.068144440650939941e-01,-8.236768841743469238e-02,6.010610610246658325e-02,-3.439031913876533508e-02,6.778301298618316650e-02,3.977292403578758240e-02,2.491758018732070923e-02,-9.549263864755630493e-02,-3.931099548935890198e-02,-4.943736642599105835e-02,9.809093922376632690e-02,-9.887086600065231323e-02,-4.863610491156578064e-02,-1.729929447174072266e-01,5.980102345347404480e-02,-1.530868411064147949e-01,6.941099651157855988e-03,-2.441053651273250580e-02,-4.811308532953262329e-02,7.071218639612197876e-02,2.476866915822029114e-02,-5.971825122833251953e-02,-9.093064069747924805e-02
1.349781006574630737e-01,-8.949381858110427856e-02,-6.904917210340499878e-02,4.145320132374763489e-02,7.518246769905090332e-02,1.055741980671882629e-01,1.322657614946365356e-01,-2.499622479081153870e-02,-1.240527555346488953e-01,4.094688966870307922e-02,-3.266338258981704712e-02,1.314407736063003540e-01,1.266977787017822266e-01,-4.836988449096679688e-02,-2.274825982749462128e-02,-1.042618304491043091e-01,5.494938790798187256e-02,7.472380995750427246e-02,1.100891549140214920e-02,7.668875157833099365e-02,9.022207558155059814e-02,5.285919643938541412e-03,-6.473775953054428101e-02,8.410780876874923706e-02,-2.078047394752502441e-02,3.701275680214166641e-03,-1.085982620716094971e-01,-1.596778780221939087e-01,-7.200712710618972778e-02,2.086457908153533936e-01,-9.794745594263076782e-02,5.104351043701171875e-02,-8.790055662393569946e-02,8.999618701636791229e-03,8.504220098257064819e-02,-8.436293154954910278e-02,-5.518417805433273315e-02,8.386499248445034027e-03,-1.242706272751092911e-02,-1.415506601333618164e-01,-3.484300151467323303e-02,-2.721166005358099937e-03,-2.517630346119403839e-02,1.162060052156448364e-01,-1.256645023822784424e-01,-3.237135009840130806e-03,3.038828633725643158e-02,2.165856398642063141e-02,2.729138825088739395e-03,4.870795819442719221e-04,2.078840434551239014e-01,-4.196022450923919678e-02,3.255919739603996277e-02,-1.143131311982870102e-02,1.277054995298385620e-01,-4.311151057481765747e-02,-5.940524488687515259e-02,5.329754576086997986e-02,3.678749129176139832e-02,-6.625580042600631714e-02,7.295048236846923828e-02,-6.104990467429161072e-02,2.895493246614933014e-02,-3.448567911982536316e-02,5.516901612281799316e-02,-2.114136219024658203e-01,1.531845703721046448e-02,2.978448010981082916e-02,-6.445989012718200684e-02,-8.623040467500686646e-02,5.727728828787803650e-02,4.862800240516662598e-02,-3.266185987740755081e-03,-1.613494604825973511e-01,-1.928511261940002441e-01,1.075951084494590759e-01,-2.891930937767028809e-02,-2.684753201901912689e-02,1.042734757065773010e-01,2.048695534467697144e-01,1.605912670493125916e-02,-5.405237525701522827e-02,3.489496558904647827e-02,7.300391793251037598e-03,5.082659423351287842e-02,-1.734463125467300415e-01,1.106550246477127075e-01,-1.016667857766151428e-02,5.136092007160186768e-02,9.476209059357643127e-03,-1.128522604703903198e-01,-2.590311132371425629e-02,-2.426542714238166809e-02,6.157307326793670654e-02,-2.265528738498687744e-01,-8.647352457046508789e-02,1.068222597241401672e-01,-5.873110145330429077e-02,5.653463886119425297e-04,-4.460462555289268494e-02,1.597084254026412964e-01,2.181911468505859375e-01,1.554708275943994522e-02,3.762492910027503967e-02,-1.156996563076972961e-01,-9.173961728811264038e-02,-6.397672742605209351e-02,5.032504349946975708e-02,-3.898109123110771179e-02,1.040855422616004944e-01,8.442021161317825317e-02,-4.146038740873336792e-02,-1.468275487422943115e-01,-5.112133175134658813e-02,-2.848795056343078613e-02,1.038685292005538940e-01,-9.426897764205932617e-02,-2.961440570652484894e-02,-1.749284565448760986e-01,5.411395058035850525e-02,-8.914087712764739990e-02,-5.412871018052101135e-02,-1.556946989148855209e-02,-5.034075304865837097e-02,8.499561250209808350e-02,3.662382066249847412e-02,6.935753859579563141e-03,-4.758398979902267456e-02
4.770169779658317566e-02,8.433856070041656494e-02,5.900817364454269409e-02,-4.926367476582527161e-02,8.086044341325759888e-03,1.232338175177574158e-01,-6.724109407514333725e-03,5.911632627248764038e-02,-2.300680726766586304e-01,1.003499180078506470e-01,-5.735466256737709045e-02,-7.413413375616073608e-02,5.021038651466369629e-02,-7.366850972175598145e-02,1.316088140010833740e-01,-3.845940157771110535e-02,5.132687743753194809e-03,-1.420759223401546478e-02,1.440051198005676270e-01,1.327378791756927967e-03,9.604767709970474243e-02,-2.182619459927082062e-02,2.872576192021369934e-02,-2.962858416140079498e-02,8.764351904392242432e-02,7.104133069515228271e-02,-1.031165122985839844e-01,-1.778399944305419922e-01,8.527001738548278809e-02,2.074147202074527740e-02,-3.246251028031110764e-03,-6.187636405229568481e-02,-8.527535945177078247e-02,-4.311040788888931274e-02,1.194485053420066833e-01,-5.968270078301429749e-02,-2.416561357676982880e-02,9.257405996322631836e-02,1.296594440937042236e-01,-7.890636473894119263e-02,-5.763125419616699219e-02,-3.760969266295433044e-02,-6.427179276943206787e-02,2.603803202509880066e-02,-8.551983535289764404e-02,1.003706157207489014e-01,9.407590329647064209e-02,-4.036781936883926392e-02,-1.455988734960556030e-01,-6.900463253259658813e-02,1.001296862959861755e-01,1.208955049514770508e-01,4.225356131792068481e-02,-3.372262232005596161e-03,1.275788713246583939e-02,-5.084720626473426819e-02,1.463252753019332886e-01,-1.503175776451826096e-02,3.958262875676155090e-02,-1.693673282861709595e-01,6.538654863834381104e-02,-4.039141163229942322e-02,9.806334972381591797e-03,-4.411451891064643860e-02,7.768286019563674927e-02,-7.436838001012802124e-02,4.529518261551856995e-02,7.193914055824279785e-02,5.576502904295921326e-02,-1.248424220830202103e-02,2.431049570441246033e-02,1.180640384554862976e-01,-7.730364799499511719e-02,-1.252152621746063232e-01,-7.849080488085746765e-03,2.072996459901332855e-03,-1.422797590494155884e-01,5.325442925095558167e-02,1.508481502532958984e-01,2.410917878150939941e-01,-8.846745640039443970e-02,-9.579268284142017365e-03,9.274422377347946167e-02,6.492769718170166016e-02,8.439306914806365967e-02,-1.461717337369918823e-01,5.726527050137519836e-02,6.827609241008758545e-02,7.892990112304687500e-02,-6.067514419555664062e-02,-6.282922625541687012e-02,8.239724487066268921e-02,1.758578978478908539e-02,5.828979238867759705e-02,-1.821368336677551270e-01,-1.767552942037582397e-01,1.586607396602630615e-01,1.359618157148361206e-01,-5.132512003183364868e-02,-1.098055914044380188e-01,5.669561028480529785e-02,1.604853868484497070e-01,-2.293964475393295288e-02,4.760775715112686157e-02,-9.639056026935577393e-02,-2.834291569888591766e-02,4.087774083018302917e-02,8.345150202512741089e-02,1.218394637107849121e-01,1.895577064715325832e-03,5.788839980959892273e-02,-8.818235946819186211e-04,-1.345897316932678223e-01,-7.036367803812026978e-02,7.710757106542587280e-02,8.404756337404251099e-02,-1.914771348237991333e-01,-1.130079105496406555e-01,-1.250550001859664917e-01,6.757191382348537445e-03,-4.434959962964057922e-02,-3.206403553485870361e-02,-9.686911944299936295e-04,-5.891950428485870361e-02,6.380221247673034668e-02,4.031073302030563354e-02,8.134905993938446045e-02,4.126705229282379150e-02
3.603533655405044556e-02,5.720136314630508423e-02,8.797357231378555298e-02,-4.266253113746643066e-02,3.548769047483801842e-03,8.385410904884338379e-02,5.324133485555648804e-02,7.088691741228103638e-02,-2.096838504076004028e-01,1.071053072810173035e-01,-5.255049094557762146e-02,-5.258268490433692932e-02,5.986868962645530701e-02,-1.052283048629760742e-01,1.525662094354629517e-01,-5.865716189146041870e-02,1.329411100596189499e-02,-1.100314874202013016e-02,1.002580672502517700e-01,3.419919684529304504e-02,6.573075056076049805e-02,-2.075400575995445251e-02,-1.332261785864830017e-02,-2.416834235191345215e-02,6.220284104347229004e-02,1.076874360442161560e-01,-1.243854314088821411e-01,-1.901290416717529297e-01,7.840258628129959106e-02,1.355208805762231350e-03,5.242090206593275070e-03,-1.542714796960353851e-02,-7.470493763685226440e-02,-8.193744346499443054e-03,1.358935683965682983e-01,-7.966265082359313965e-02,8.544031530618667603e-03,1.535245776176452637e-01,9.813109040260314941e-02,-1.200722381472587585e-01,8.798974449746310711e-04,-5.770261213183403015e-02,-4.309521615505218506e-02,6.942985206842422485e-02,-9.181525558233261108e-02,8.740282803773880005e-02,1.019542217254638672e-01,-3.158776834607124329e-02,-1.593355685472488403e-01,-9.119825065135955811e-02,8.501636981964111328e-02,3.296934813261032104e-02,2.521074377000331879e-02,-1.993441581726074219e-02,5.505901202559471130e-02,-5.269045010209083557e-02,2.432473562657833099e-02,7.027105893939733505e-03,1.733048260211944580e-02,-1.686663776636123657e-01,4.414933547377586365e-02,-9.733629226684570312e-02,-3.676989814266562462e-03,-2.604440599679946899e-02,1.250714510679244995e-01,-5.043930187821388245e-02,4.253850877285003662e-02,3.457811474800109863e-02,2.006450109183788300e-02,-7.377417385578155518e-02,3.695814637467265129e-03,8.267349004745483398e-02,-4.850739985704421997e-02,-9.080569446086883545e-02,-1.926917023956775665e-02,-3.439110890030860901e-02,-1.331719756126403809e-01,6.949062645435333252e-02,1.761952638626098633e-01,2.133644372224807739e-01,-8.899866789579391479e-02,-1.277119759470224380e-02,5.156764015555381775e-02,9.308862499892711639e-03,8.505882322788238525e-02,-2.107507586479187012e-01,8.798521757125854492e-02,8.153121173381805420e-02,9.342134743928909302e-02,-4.075334593653678894e-02,-4.029361158609390259e-02,7.239887863397598267e-02,2.999476855620741844e-03,2.279637940227985382e-02,-1.995542347431182861e-01,-1.275012493133544922e-01,1.854683756828308105e-01,7.522549480199813843e-02,-5.592770129442214966e-02,-1.001398861408233643e-01,7.578280754387378693e-03,1.420938670635223389e-01,-1.435723342001438141e-02,3.524203598499298096e-02,-1.111318692564964294e-01,-3.753645718097686768e-02,2.565861679613590240e-02,9.885654598474502563e-02,1.425651311874389648e-01,-9.987967088818550110e-03,6.501541286706924438e-02,3.754771128296852112e-02,-1.886274516582489014e-01,-7.250520586967468262e-02,9.181134402751922607e-02,1.853440515697002411e-02,-1.975543200969696045e-01,-1.584128588438034058e-01,-1.301996707916259766e-01,-7.803590502589941025e-03,-3.807391226291656494e-02,7.060739677399396896e-03,5.088573321700096130e-03,2.713669557124376297e-03,1.090217009186744690e-01,-5.780265666544437408e-03,8.011400699615478516e-02,-2.071596309542655945e-02
-1.159994583576917648e-02,3.988200053572654724e-02,7.590386271476745605e-02,-2.962221764028072357e-02,1.263102516531944275e-02,8.652399480342864990e-02,-8.263460546731948853e-02,-7.162226364016532898e-03,-2.051004320383071899e-01,-3.111662901937961578e-02,-2.981542982161045074e-02,-2.567004598677158356e-02,1.725397258996963501e-02,-3.185301646590232849e-02,1.850138232111930847e-02,-3.229891881346702576e-02,1.450670603662729263e-02,-2.368303015828132629e-02,1.564971357583999634e-01,-1.874238438904285431e-02,1.337857991456985474e-01,7.458473555743694305e-03,4.961807644576765597e-05,-1.222930997610092163e-01,1.013115197420120239e-01,1.374597549438476562e-01,-6.709849089384078979e-02,-1.153592318296432495e-01,4.714973643422126770e-02,-2.610200783237814903e-03,6.609540432691574097e-02,-1.189638599753379822e-01,-6.656085699796676636e-02,-8.338340371847152710e-02,1.513579487800598145e-01,-4.502020403742790222e-02,-3.112851083278656006e-02,7.221126556396484375e-02,2.050301283597946167e-01,-5.817265063524246216e-02,-3.581634908914566040e-02,6.582696735858917236e-02,-1.224753912538290024e-02,6.192404776811599731e-02,-4.301961883902549744e-02,5.604350939393043518e-03,9.904459118843078613e-02,-9.860463440418243408e-02,-8.482404053211212158e-02,-1.309397816658020020e-01,2.647977881133556366e-02,4.876584559679031372e-02,3.606199845671653748e-02,3.221080824732780457e-02,-3.345448896288871765e-02,-6.010308861732482910e-02,9.636895358562469482e-02,1.910899765789508820e-02,-2.200270257890224457e-02,-1.389019340276718140e-01,9.951174259185791016e-02,-3.541972115635871887e-02,4.177257046103477478e-02,-2.709582215175032616e-03,1.244773790240287781e-01,-1.111831068992614746e-01,6.575809419155120850e-02,4.813454672694206238e-02,1.105958893895149231e-01,-2.588035725057125092e-02,7.233472913503646851e-02,8.791019022464752197e-02,-9.921571472659707069e-04,-1.348243653774261475e-01,-4.595319554209709167e-02,-1.953276246786117554e-02,-1.561724841594696045e-01,3.062479570508003235e-02,8.386395126581192017e-02,2.178524136543273926e-01,-9.089582413434982300e-02,1.705366373062133789e-02,1.440613120794296265e-01,9.580075740814208984e-02,2.754911035299301147e-02,-1.658442020416259766e-01,9.512282162904739380e-02,8.698291331529617310e-02,2.300872467458248138e-02,-1.590894758701324463e-01,-6.937801837921142578e-02,5.302088707685470581e-02,3.934967890381813049e-02,8.532628417015075684e-02,-1.157500147819519043e-01,-1.891806721687316895e-01,1.376818418502807617e-01,1.279072314500808716e-01,-1.465624272823333740e-01,-3.134250640869140625e-02,-6.722138077020645142e-02,1.606465131044387817e-01,-4.669196531176567078e-02,5.964647978544235229e-02,-6.190745625644922256e-03,6.959157763049006462e-04,1.111438050866127014e-01,8.780376613140106201e-02,8.541242033243179321e-02,-6.942671258002519608e-03,1.175664179027080536e-02,-1.132271066308021545e-01,-1.612829864025115967e-01,5.207577720284461975e-02,3.467887267470359802e-02,4.039463400840759277e-02,-1.850139796733856201e-01,-5.960505828261375427e-02,-1.346337795257568359e-01,-6.457640975713729858e-02,-1.015017330646514893e-01,1.803625561296939850e-02,-3.946665674448013306e-02,-1.403359770774841309e-01,8.214047551155090332e-02,1.149425283074378967e-02,4.352970793843269348e-02,7.474562525749206543e-02
-4.151670634746551514e-02,1.075421124696731567e-01,6.314780563116073608e-02,-4.070113599300384521e-02,-3.531320393085479736e-02,1.216291934251785278e-01,-6.153510510921478271e-02,3.233901783823966980e-02,-1.759337037801742554e-01,1.609654873609542847e-01,-1.595739158801734447e-04,-1.036059111356735229e-01,-2.583117038011550903e-02,-1.113964840769767761e-01,1.673694401979446411e-01,-6.733531132340431213e-03,-2.777571044862270355e-02,5.533608794212341309e-02,2.343726158142089844e-01,-8.482488989830017090e-02,3.262287750840187073e-02,2.068748883903026581e-02,3.459029644727706909e-02,-2.485233545303344727e-02,6.481263041496276855e-02,1.282498538494110107e-01,-3.182179853320121765e-02,-2.099955826997756958e-01,1.519758999347686768e-01,-4.689072445034980774e-02,5.404853075742721558e-02,-5.820937827229499817e-02,-5.452130734920501709e-02,-1.003907993435859680e-01,1.586940735578536987e-01,2.015235833823680878e-03,-1.656847074627876282e-02,1.935100741684436798e-02,1.149687096476554871e-01,-1.110466476529836655e-02,-2.892076782882213593e-02,-5.970741063356399536e-02,-1.406183242797851562e-01,6.392665207386016846e-02,-8.813547343015670776e-02,1.129860132932662964e-01,1.126324832439422607e-01,-3.796781972050666809e-02,-1.745526641607284546e-01,-1.753100901842117310e-01,3.945201262831687927e-02,1.158379912376403809e-01,5.176568031311035156e-02,-8.012318611145019531e-02,-7.388940453529357910e-02,4.407761618494987488e-02,1.660928875207901001e-01,-8.404598571360111237e-03,1.765625923871994019e-02,-8.677293360233306885e-02,2.719412371516227722e-02,-4.671555384993553162e-02,6.501846015453338623e-02,-4.173680767416954041e-02,1.432865560054779053e-01,-5.608145892620086670e-02,5.995608493685722351e-02,-3.031191648915410042e-03,8.849568665027618408e-02,8.368681371212005615e-02,-3.287975117564201355e-02,1.014203205704689026e-01,-8.654758334159851074e-02,-9.351385384798049927e-02,4.808467812836170197e-03,-8.472974598407745361e-02,-1.885724663734436035e-01,1.507754027843475342e-01,7.740618288516998291e-02,8.799527585506439209e-02,-1.002235785126686096e-01,6.566697359085083008e-02,1.396252028644084930e-02,2.731886319816112518e-02,6.113189831376075745e-02,-1.041968166828155518e-01,4.035935550928115845e-02,2.087119780480861664e-02,1.221589511260390282e-03,-6.923595070838928223e-02,-1.733822398819029331e-03,1.595294773578643799e-01,-1.423662621527910233e-02,1.972800679504871368e-02,-3.770231083035469055e-02,-1.321738511323928833e-01,1.193872019648551941e-01,1.217795833945274353e-01,-2.922979556024074554e-02,-5.054457113146781921e-02,4.077330231666564941e-03,7.601802796125411987e-02,-3.563019633293151855e-02,-5.820740014314651489e-02,-2.120973542332649231e-02,1.042015937855467200e-04,1.117884665727615356e-01,-2.288000471889972687e-02,1.275070756673812866e-01,2.820549346506595612e-02,2.332477271556854248e-02,-1.138868182897567749e-02,-2.393365278840065002e-02,-1.734457761049270630e-01,1.056117266416549683e-01,2.198092825710773468e-02,-1.592738032341003418e-01,-1.864889562129974365e-01,-3.575749322772026062e-02,-4.754994809627532959e-02,2.871320024132728577e-02,-7.469099760055541992e-02,-2.487328462302684784e-02,-3.144049644470214844e-02,2.803823351860046387e-02,7.187571376562118530e-02,5.352647230029106140e-02,7.089842855930328369e-02
-1.159994583576917648e-02,3.988200053572654724e-02,7.590386271476745605e-02,-2.962221764028072357e-02,1.263102516531944275e-02,8.652399480342864990e-02,-8.263460546731948853e-02,-7.162226364016532898e-03,-2.051004320383071899e-01,-3.111662901937961578e-02,-2.981542982161045074e-02,-2.567004598677158356e-02,1.725397258996963501e-02,-3.185301646590232849e-02,1.850138232111930847e-02,-3.229891881346702576e-02,1.450670603662729263e-02,-2.368303015828132629e-02,1.564971357583999634e-01,-1.874238438904285431e-02,1.337857991456985474e-01,7.458473555743694305e-03,4.961807644576765597e-05,-1.222930997610092163e-01,1.013115197420120239e-01,1.374597549438476562e-01,-6.709849089384078979e-02,-1.153592318296432495e-01,4.714973643422126770e-02,-2.610200783237814903e-03,6.609540432691574097e-02,-1.189638599753379822e-01,-6.656085699796676636e-02,-8.338340371847152710e-02,1.513579487800598145e-01,-4.502020403742790222e-02,-3.112851083278656006e-02,7.221126556396484375e-02,2.050301283597946167e-01,-5.817265063524246216e-02,-3.581634908914566040e-02,6.582696735858917236e-02,-1.224753912538290024e-02,6.192404776811599731e-02,-4.301961883902549744e-02,5.604350939393043518e-03,9.904459118843078613e-02,-9.860463440418243408e-02,-8.482404053211212158e-02,-1.309397816658020020e-01,2.647977881133556366e-02,4.876584559679031372e-02,3.606199845671653748e-02,3.221080824732780457e-02,-3.345448896288871765e-02,-6.010308861732482910e-02,9.636895358562469482e-02,1.910899765789508820e-02,-2.200270257890224457e-02,-1.389019340276718140e-01,9.951174259185791016e-02,-3.541972115635871887e-02,4.177257046103477478e-02,-2.709582215175032616e-03,1.244773790240287781e-01,-1.111831068992614746e-01,6.575809419155120850e-02,4.813454672694206238e-02,1.105958893895149231e-01,-2.588035725057125092e-02,7.233472913503646851e-02,8.791019022464752197e-02,-9.921571472659707069e-04,-1.348243653774261475e-01,-4.595319554209709167e-02,-1.953276246786117554e-02,-1.561724841594696045e-01,3.062479570508003235e-02,8.386395126581192017e-02,2.178524136543273926e-01,-9.089582413434982300e-02,1.705366373062133789e-02,1.440613120794296265e-01,9.580075740814208984e-02,2.754911035299301147e-02,-1.658442020416259766e-01,9.512282162904739380e-02,8.698291331529617310e-02,2.300872467458248138e-02,-1.590894758701324463e-01,-6.937801837921142578e-02,5.302088707685470581e-02,3.934967890381813049e-02,8.532628417015075684e-02,-1.157500147819519043e-01,-1.891806721687316895e-01,1.376818418502807617e-01,1.279072314500808716e-01,-1.465624272823333740e-01,-3.134250640869140625e-02,-6.722138077020645142e-02,1.606465131044387817e-01,-4.669196531176567078e-02,5.964647978544235229e-02,-6.190745625644922256e-03,6.959157763049006462e-04,1.111438050866127014e-01,8.780376613140106201e-02,8.541242033243179321e-02,-6.942671258002519608e-03,1.175664179027080536e-02,-1.132271066308021545e-01,-1.612829864025115967e-01,5.207577720284461975e-02,3.467887267470359802e-02,4.039463400840759277e-02,-1.850139796733856201e-01,-5.960505828261375427e-02,-1.346337795257568359e-01,-6.457640975713729858e-02,-1.015017330646514893e-01,1.803625561296939850e-02,-3.946665674448013306e-02,-1.403359770774841309e-01,8.214047551155090332e-02,1.149425283074378967e-02,4.352970793843269348e-02,7.474562525749206543e-02
-4.151670634746551514e-02,1.075421124696731567e-01,6.314780563116073608e-02,-4.070113599300384521e-02,-3.531320393085479736e-02,1.216291934251785278e-01,-6.153510510921478271e-02,3.233901783823966980e-02,-1.759337037801742554e-01,1.609654873609542847e-01,-1.595739158801734447e-04,-1.036059111356735229e-01,-2.583117038011550903e-02,-1.113964840769767761e-01,1.673694401979446411e-01,-6.733531132340431213e-03,-2.777571044862270355e-02,5.533608794212341309e-02,2.343726158142089844e-01,-8.482488989830017090e-02,3.262287750840187073e-02,2.068748883903026581e-02,3.459029644727706909e-02,-2.485233545303344727e-02,6.481263041496276855e-02,1.282498538494110107e-01,-3.182179853320121765e-02,-2.099955826997756958e-01,1.519758999347686768e-01,-4.689072445034980774e-02,5.404853075742721558e-02,-5.820937827229499817e-02,-5.452130734920501709e-02,-1.003907993435859680e-01,1.586940735578536987e-01,2.015235833823680878e-03,-1.656847074627876282e-02,1.935100741684436798e-02,1.149687096476554871e-01,-1.110466476529836655e-02,-2.892076782882213593e-02,-5.970741063356399536e-02,-1.406183242797851562e-01,6.392665207386016846e-02,-8.813547343015670776e-02,1.129860132932662964e-01,1.126324832439422607e-01,-3.796781972050666809e-02,-1.745526641607284546e-01,-1.753100901842117310e-01,3.945201262831687927e-02,1.158379912376403809e-01,5.176568031311035156e-02,-8.012318611145019531e-02,-7.388940453529357910e-02,4.407761618494987488e-02,1.660928875207901001e-01,-8.404598571360111237e-03,1.765625923871994019e-02,-8.677293360233306885e-02,2.719412371516227722e-02,-4.671555384993553162e-02,6.501846015453338623e-02,-4.173680767416954041e-02,1.432865560054779053e-01,-5.608145892620086670e-02,5.995608493685722351e-02,-3.031191648915410042e-03,8.849568665027618408e-02,8.368681371212005615e-02,-3.287975117564201355e-02,1.014203205704689026e-01,-8.654758334159851074e-02,-9.351385384798049927e-02,4.808467812836170197e-03,-8.472974598407745361e-02,-1.885724663734436035e-01,1.507754027843475342e-01,7.740618288516998291e-02,8.799527585506439209e-02,-1.002235785126686096e-01,6.566697359085083008e-02,1.396252028644084930e-02,2.731886319816112518e-02,6.113189831376075745e-02,-1.041968166828155518e-01,4.035935550928115845e-02,2.087119780480861664e-02,1.221589511260390282e-03,-6.923595070838928223e-02,-1.733822398819029331e-03,1.595294773578643799e-01,-1.423662621527910233e-02,1.972800679504871368e-02,-3.770231083035469055e-02,-1.321738511323928833e-01,1.193872019648551941e-01,1.217795833945274353e-01,-2.922979556024074554e-02,-5.054457113146781921e-02,4.077330231666564941e-03,7.601802796125411987e-02,-3.563019633293151855e-02,-5.820740014314651489e-02,-2.120973542332649231e-02,1.042015937855467200e-04,1.117884665727615356e-01,-2.288000471889972687e-02,1.275070756673812866e-01,2.820549346506595612e-02,2.332477271556854248e-02,-1.138868182897567749e-02,-2.393365278840065002e-02,-1.734457761049270630e-01,1.056117266416549683e-01,2.198092825710773468e-02,-1.592738032341003418e-01,-1.864889562129974365e-01,-3.575749322772026062e-02,-4.754994809627532959e-02,2.871320024132728577e-02,-7.469099760055541992e-02,-2.487328462302684784e-02,-3.144049644470214844e-02,2.803823351860046387e-02,7.187571376562118530e-02,5.352647230029106140e-02,7.089842855930328369e-02
-1.159994397312402725e-02,3.988199681043624878e-02,7.590385526418685913e-02,-2.962221391499042511e-02,1.263102330267429352e-02,8.652397990226745605e-02,-8.263459801673889160e-02,-7.162225432693958282e-03,-2.051004171371459961e-01,-3.111662529408931732e-02,-2.981542609632015228e-02,-2.567004226148128510e-02,1.725397072732448578e-02,-3.185301274061203003e-02,1.850138045847415924e-02,-3.229891508817672729e-02,1.450670417398214340e-02,-2.368302829563617706e-02,1.564971208572387695e-01,-1.874238252639770508e-02,1.337857693433761597e-01,7.458472624421119690e-03,4.961806916981004179e-05,-1.222930848598480225e-01,1.013115048408508301e-01,1.374597400426864624e-01,-6.709848344326019287e-02,-1.153592169284820557e-01,4.714973270893096924e-02,-2.610200550407171249e-03,6.609539687633514404e-02,-1.189638450741767883e-01,-6.656084954738616943e-02,-8.338338881731033325e-02,1.513579338788986206e-01,-4.502019658684730530e-02,-3.112850710749626160e-02,7.221125066280364990e-02,2.050300985574722290e-01,-5.817264318466186523e-02,-3.581634536385536194e-02,6.582695990800857544e-02,-1.224753726273775101e-02,6.192404031753540039e-02,-4.301961138844490051e-02,5.604350473731756210e-03,9.904457628726959229e-02,-9.860462695360183716e-02,-8.482403308153152466e-02,-1.309397667646408081e-01,2.647977508604526520e-02,4.876583814620971680e-02,3.606199100613594055e-02,3.221080452203750610e-02,-3.345448151230812073e-02,-6.010308116674423218e-02,9.636894613504409790e-02,1.910899579524993896e-02,-2.200269885361194611e-02,-1.389019191265106201e-01,9.951173514127731323e-02,-3.541971743106842041e-02,4.177256301045417786e-02,-2.709581749513745308e-03,1.244773641228675842e-01,-1.111830919981002808e-01,6.575808674097061157e-02,4.813453927636146545e-02,1.105958744883537292e-01,-2.588035538792610168e-02,7.233472168445587158e-02,8.791017532348632812e-02,-9.921570308506488800e-04,-1.348243504762649536e-01,-4.595318809151649475e-02,-1.953276060521602631e-02,-1.561724543571472168e-01,3.062479197978973389e-02,8.386393636465072632e-02,2.178523838520050049e-01,-9.089580923318862915e-02,1.705366186797618866e-02,1.440612971782684326e-01,9.580074250698089600e-02,2.754910662770271301e-02,-1.658441871404647827e-01,9.512280672788619995e-02,8.698289841413497925e-02,2.300872094929218292e-02,-1.590894460678100586e-01,-6.937801092863082886e-02,5.302087962627410889e-02,3.934967145323753357e-02,8.532626926898956299e-02,-1.157499998807907104e-01,-1.891806572675704956e-01,1.376818269491195679e-01,1.279072165489196777e-01,-1.465623974800109863e-01,-3.134250268340110779e-02,-6.722137331962585449e-02,1.606464833021163940e-01,-4.669196158647537231e-02,5.964647233486175537e-02,-6.190744694322347641e-03,6.959157180972397327e-04,1.111437901854515076e-01,8.780375123023986816e-02,8.541240543127059937e-02,-6.942670326679944992e-03,1.175664085894823074e-02,-1.132270917296409607e-01,-1.612829715013504028e-01,5.207577347755432129e-02,3.467886894941329956e-02,4.039463028311729431e-02,-1.850139647722244263e-01,-5.960505083203315735e-02,-1.346337646245956421e-01,-6.457640230655670166e-02,-1.015017256140708923e-01,1.803625375032424927e-02,-3.946665301918983459e-02,-1.403359621763229370e-01,8.214046061038970947e-02,1.149425189942121506e-02,4.352970421314239502e-02,7.474561780691146851e-02
-4.151671007275581360e-02,1.075421273708343506e-01,6.314781308174133301e-02,-4.070113971829414368e-02,-3.531320765614509583e-02,1.216292083263397217e-01,-6.153511255979537964e-02,3.233902156352996826e-02,-1.759337186813354492e-01,1.609655022621154785e-01,-1.595739304320886731e-04,-1.036059185862541199e-01,-2.583117224276065826e-02,-1.113964989781379700e-01,1.673694550991058350e-01,-6.733531598001718521e-03,-2.777571417391300201e-02,5.533609539270401001e-02,2.343726456165313721e-01,-8.482489734888076782e-02,3.262288123369216919e-02,2.068749070167541504e-02,3.459030017256736755e-02,-2.485233731567859650e-02,6.481263786554336548e-02,1.282498687505722046e-01,-3.182180225849151611e-02,-2.099956125020980835e-01,1.519759148359298706e-01,-4.689072817564010620e-02,5.404853820800781250e-02,-5.820938572287559509e-02,-5.452131107449531555e-02,-1.003908067941665649e-01,1.586940884590148926e-01,2.015235833823680878e-03,-1.656847260892391205e-02,1.935100927948951721e-02,1.149687170982360840e-01,-1.110466569662094116e-02,-2.892077155411243439e-02,-5.970741808414459229e-02,-1.406183391809463501e-01,6.392665952444076538e-02,-8.813548088073730469e-02,1.129860207438468933e-01,1.126324906945228577e-01,-3.796782344579696655e-02,-1.745526790618896484e-01,-1.753101050853729248e-01,3.945201635360717773e-02,1.158380061388015747e-01,5.176568776369094849e-02,-8.012319356203079224e-02,-7.388941198587417603e-02,4.407761991024017334e-02,1.660929024219512939e-01,-8.404599502682685852e-03,1.765626110136508942e-02,-8.677294105291366577e-02,2.719412557780742645e-02,-4.671555757522583008e-02,6.501846760511398315e-02,-4.173681139945983887e-02,1.432865709066390991e-01,-5.608146265149116516e-02,5.995608866214752197e-02,-3.031191881746053696e-03,8.849569410085678101e-02,8.368682116270065308e-02,-3.287975490093231201e-02,1.014203280210494995e-01,-8.654759079217910767e-02,-9.351386874914169312e-02,4.808468278497457504e-03,-8.472975343465805054e-02,-1.885724812746047974e-01,1.507754176855087280e-01,7.740619033575057983e-02,8.799529075622558594e-02,-1.002235859632492065e-01,6.566698104143142700e-02,1.396252214908599854e-02,2.731886692345142365e-02,6.113190576434135437e-02,-1.041968241333961487e-01,4.035935923457145691e-02,2.087119966745376587e-02,1.221589627675712109e-03,-6.923595815896987915e-02,-1.733822515234351158e-03,1.595294922590255737e-01,-1.423662807792425156e-02,1.972800865769386292e-02,-3.770231455564498901e-02,-1.321738660335540771e-01,1.193872094154357910e-01,1.217795908451080322e-01,-2.922979928553104401e-02,-5.054457485675811768e-02,4.077330697327852249e-03,7.601803541183471680e-02,-3.563020005822181702e-02,-5.820740759372711182e-02,-2.120973728597164154e-02,1.042016083374619484e-04,1.117884740233421326e-01,-2.288000658154487610e-02,1.275070905685424805e-01,2.820549719035625458e-02,2.332477644085884094e-02,-1.138868276029825211e-02,-2.393365465104579926e-02,-1.734457910060882568e-01,1.056117340922355652e-01,2.198093011975288391e-02,-1.592738181352615356e-01,-1.864889711141586304e-01,-3.575749695301055908e-02,-4.754995182156562805e-02,2.871320210397243500e-02,-7.469100505113601685e-02,-2.487328648567199707e-02,-3.144050016999244690e-02,2.803823538124561310e-02,7.187572121620178223e-02,5.352647602558135986e-02,7.089842855930328369e-02
